indicator_id,period,period_end,value,unit,value_text,source_name,source_url,notes
ACAD_NIH_APPROPS_STATUS,2026-02,2026-02-03,,text,"FY2026 was full-year regular appropriations, not a full-year CR: Consolidated Appropriations Act 2026 (P.L. 119-75; LHHS in Div. B) plus P.L. 119-74. Final bills released 2026-01-21; Congress approved LHHS around early Feb 2026",CRS R43341 / UW Federal Relations / AAI,https://www.washington.edu/federalrelations/2026/01/21/final-fy26-appropriations-bills-released,AAI statement on congressional approval dated 2026-02-03: https://news.aai.org/2026/02/03/statement-on-approval-fy2026-laborhhs-bill/ ; enacted funding kept NIH's existing structure (the proposed restructuring was not adopted); period_end = congressional approval date per AAI statement
ACAD_NIH_APPROPS_STATUS,2026-09,2026-09-02,,text,FY2027 status: CR (H.R. 6500 / P.L. 119-103) signed 2026-09-02 covers Oct 1 to Dec 11 2026 (72 days) for all 12 bills; no full-year FY27 LHHS enacted,CRS R49353,https://www.congress.gov/crs-product/R49353,Search summary (likely CRFB Appropriations Watch 2026-09-03) said only 3 FY27 bills had passed the House and none had been reported by Senate Appropriations; low confidence on the Senate part
ACAD_NIH_AWARD_DOLLAR_PACE,FY2026-YTD-Feb,2026-02-28,-54,pct,,AAU,https://www.aau.edu/newsroom/leading-research-universities-report/data-show-dramatic-slowdown-nih-grantmaking,Dollar value of awards vs the FY21-24 average for the same period
ACAD_NIH_AWARD_PACE_VS_FY24,FY2026-YTD-Jul,2026-07-31,-18,pct,,AAMC Tracking NIH Awards in FY 2026,https://www.aamc.org/about-us/mission-areas/biomedical-research/publication/tracking-nih-awards-fy-2026-1,Competitive awards (all mechanisms) vs the same point in FY2024
ACAD_NIH_COMPETING_AWARDS_YTD,FY2026-YTD-Mar,2026-03-20,1900,count,"about 1,900 new and competing grants from Oct to late Mar, under half the normal pace; about $1B behind the usual timeline",Granted AI (summarizing Science),https://grantedai.com/blog/nih-fy2026-year-end-obligation-cliff-september-30-billion-unspent-races-to-spend-grant-strategy,Secondary source; Science: https://www.science.org/content/article/nih-likely-award-fewer-grants-it-races-spend-2026-budget
ACAD_NIH_COMPETING_RPG_AWARDS,FY2019,2019-09-30,11035,count,,NIH Extramural Nexus FY2020 By the Numbers,https://nexus.od.nih.gov/all/2021/04/21/fy-2020-by-the-numbers-extramural-investments-in-research,"54,903 competing RPG applications"
ACAD_NIH_COMPETING_RPG_AWARDS,FY2020,2020-09-30,11332,count,,NIH Extramural Nexus FY2020 By the Numbers,https://nexus.od.nih.gov/all/2021/04/21/fy-2020-by-the-numbers-extramural-investments-in-research,"55,038 applications; RPG spending $22.6B (+4.9%)"
ACAD_NIH_COMPETING_RPG_AWARDS,FY2021,2021-09-30,11229,count,,NIH Extramural Nexus FY2021 By the Numbers,https://nexus.od.nih.gov/all/2022/03/07/fy-2021-by-the-numbers-extramural-grant-investments-in-research,"58,872 applications"
ACAD_NIH_COMPETING_RPG_AWARDS,FY2022,2022-09-30,11311,count,,NIH Extramural Nexus FY2022 By the Numbers,https://nexus.od.nih.gov/all/2023/03/01/fy-2022-by-the-numbers-extramural-grant-investments-in-research,"54,571 applications (4,301 fewer than FY2021)"
ACAD_NIH_COMPETING_RPG_AWARDS,FY2023,2023-09-30,11052,count,,NIH Extramural Nexus FY2023 By the Numbers,https://nexus.od.nih.gov/all/2024/02/21/fy-2023-by-the-numbers-extramural-grant-investments-in-research,"The summary also gave 54,571 applications, which repeats the FY2022 figure and doesn't match 21.3% (it implies about 51.9k), so the application count is left out; verify"
ACAD_NIH_COMPETING_RPG_AWARDS,FY2024,2024-09-30,10265,count,,NIH Nexus FY2025 By the Numbers (via search summary),https://www.grants.nih.gov/news-events/nih-extramural-nexus-news/2026/03/fiscal-year-2025-by-the-numbers-extramural-grant-investments-in-research,"55,418 applications; 10,265/55,418 = 18.5%. Attribution to this specific post is inferred from the result set"
ACAD_NIH_COMPETING_RPG_AWARDS,FY2025,2025-09-30,,text,Fewer new awards than FY2024 and higher average cost per award (more forward-funded); exact competing RPG count not surfaced,NIH Nexus FY2025 By the Numbers,https://www.grants.nih.gov/news-events/nih-extramural-nexus-news/2026/03/fiscal-year-2025-by-the-numbers-extramural-grant-investments-in-research,Same post: $35.3B total competing and noncompeting grants; more than $26.5B in RPGs
ACAD_NIH_COMPETING_RPG_PACE,FY2026-YTD-Jul,2026-07-31,-8,pct,,AAMC Tracking NIH Awards in FY 2026,https://www.aamc.org/about-us/mission-areas/biomedical-research/publication/tracking-nih-awards-fy-2026-1,Competitive RPGs vs FY2024 (competitive R01s -14%); assumed to be the same Jul-31 cutoff (not confirmed)
ACAD_NIH_EXTRAMURAL_OBLIGATED_YTD,FY2026-YTD-Mar,2026-03-20,5.8,USD_bn,,AAMC Tracking NIH Awards FY2026 (Oct 1-Mar 20),https://www.aamc.org/media/89376/download,Extramural funds obligated; 15% of the estimated $38B due by Sep 30; -34% vs the same period of FY2024
ACAD_NIH_EXTRAMURAL_OBLIGATED_YTD,FY2026-YTD-Jul,2026-07-31,23.3,USD_bn,,AAMC Tracking NIH Awards in FY 2026,https://www.aamc.org/about-us/mission-areas/biomedical-research/publication/tracking-nih-awards-fy-2026-1,Obligated to extramural research and training grants = 69% of the extramural grant budget with 2 months left
ACAD_NIH_GRANTS_VS_FY2024,FY2026-YTD-Jul,2026-07-31,-10000,count,,AAMC Tracking NIH Awards in FY 2026,https://www.aamc.org/about-us/mission-areas/biomedical-research/publication/tracking-nih-awards-fy-2026-1,"About 10,000 fewer grants (all types) vs the same point in FY2024"
ACAD_NIH_GRANT_COUNT_VS_HISTORY,FY2025,2025-09-30,-11.6,pct,,STAT,https://www.statnews.com/2026/04/30/nih-grant-funding-national-stat-survey-impact-labs-careers/,NIH funded 11.6% fewer grants than in previous years while spending about the same amount (multiyear upfront funding)
ACAD_NIH_GRANT_COUNT_VS_HISTORY,FY2025,2025-09-30,-24,pct,,Good Science Project (Jeremy Berg),https://goodscience.substack.com/p/understanding-and-modeling-nih-research,Number of grants funded was 24% below the prior 10-year average; Berg models MYF pushing the RPG success rate from about 19% to about 12%
ACAD_NIH_HOUSE_MARK,FY2026,2026-09-30,46.9,USD_bn,,House Appropriations Committee (via search summary),https://appropriations.house.gov/news/press-releases/committee-approves-fy26-labor-health-and-human-services-education-and-related,"H.R. 5304 (H.Rept. 119-271), committee vote 35-28 on 2025-09-09; funds all 27 ICs; ARPA-H cut to $945M"
ACAD_NIH_HOUSE_MARK,FY2026,2026-09-30,48.0,USD_bn,,ASCO,https://www.asco.org/news-initiatives/policy-news-analysis/house-appropriations-bill-maintain-federal-funding-NIH-NCI-FY2026,CONFLICT with $46.9B: described as $48B NIH base budget holding current levels. Likely a budget-authority vs program-level difference (not verified)
ACAD_NIH_HOUSE_MARK,FY2027,2027-09-30,47.4,USD_bn,,AAMC Washington Highlights,https://www.aamc.org/advocacy-policy/washington-highlights/house-subcommittee-advances-fy-2027-hhs-spending-bill,'Base funding' for NIH plus $1.5B ARPA-H; subcommittee markup 2026-06-05 (10-7)
ACAD_NIH_HOUSE_MARK,FY2027,2027-09-30,47.3,USD_bn,,Hart Health Strategies Appropriations Update,https://hhs.com/news-detail/appropriations-update-8,CONFLICT with $47.4B: full committee approved $47.3B = +$100M over FY26; committee vote 34-28 on 2026-06-09. Committee release: https://appropriations.house.gov/news/press-releases/committee-approves-fy27-labor-health-and-human-services-and-education
ACAD_NIH_IDC_CAP,2025-02,2025-02-07,15,pct,"NIH issues NOT-OD-25-068 capping the indirect-cost rate at 15% for new and existing awards, for costs on or after 2025-02-10",NIH notice NOT-OD-25-068,https://grants.nih.gov/grants/guide/notice-files/NOT-OD-25-068.html,
ACAD_NIH_IDC_CAP,2025-02,2025-02-10,,text,22 state AGs sue in D. Mass.; Judge Angel Kelley issues a TRO blocking implementation,AABB,https://www.aabb.org/news-resources/news/article/2025/02/12/court-temporarily-blocks-nih-s-15--cap-on-indirect-costs-for-research-grants,
ACAD_NIH_IDC_CAP,2025-04,2025-04-04,,text,District court permanently blocks the cap nationwide,Higher Ed Dive,https://www.highereddive.com/news/judge-permanently-blocks-nihs-plan-to-cap-funding-setting-up-appeals-batt/744647/,CASRAI also dates the permanent injunction to 2025-04-04
ACAD_NIH_IDC_CAP,2026-01,2026-01-05,,text,First Circuit unanimously affirms; the cap violates the appropriations-law protection for negotiated rates (first enacted 2017),STAT,https://www.statnews.com/2026/01/05/federal-appeals-court-upholds-blocking-nih-indirect-cost-cuts/,
ACAD_NIH_IDC_CAP,2026-02,2026-02-03,,text,FY26 Consolidated Appropriations Act (P.L. 119-75 Div. B Sec. 224) renews the rider barring changes to negotiated indirect-cost rates for the full FY; explanatory statement directs talks on alternatives including the FAIR model,CRS IN12516,https://www.congress.gov/crs-product/IN12516,period_end approximate: FY2026 LHHS approval (early Feb 2026)
ACAD_NIH_IDC_CAP,2026-04,2026-04-06,,text,DOJ lets the Supreme Court cert deadline lapse; case ends with the injunction in place,STAT,https://www.statnews.com/2026/04/08/trump-administration-drops-nih-indirect-costs-court-challenge/,Also NACUBO: https://www.nacubo.org/News/2026/4/Court-Fight-Over-NIH-Indirect-Costs-Cap-Ends
ACAD_NIH_IDC_CAP,2026-04,2026-04-10,15,pct,FY27 President's budget again proposes a 15% NIH indirect-cost cap (CASRAI: also proposes dropping the LHHS rider),The Cancer Letter,https://cancerletter.com/cancer-policy/20260410_5a/,Senators pushed back at the April hearing: https://rollcall.com/2026/04/15/senators-spurn-budget-request-for-nih-overhead-cost-cap/
ACAD_NIH_IDC_CAP,2026-09,2026-09-25,,text,"Status: cap not in effect (permanently enjoined, appeal dropped); FY26 rider runs through 2026-09-30; FY27 CR to 2026-12-11. Whether the rider carries over under the CR was not confirmed",CASRAI guide,https://casrai.org/guides/nih-15-percent-indirect-cost-cap,
ACAD_NIH_MYF_COMPETING_YTD_USD,FY2026-YTD-Jul,2026-07-31,1.1,USD_bn,,AAMC Tracking NIH Awards in FY 2026,https://www.aamc.org/about-us/mission-areas/biomedical-research/publication/tracking-nih-awards-fy-2026-1,Competitive multiyear-funded RPGs YTD vs $556.4M at the same point in FY2025
ACAD_NIH_MYF_N,FY2024,2024-09-30,1067,count,,AAMC Multiyear Funding of NIH Research Grants,https://www.aamc.org/about-us/biomedical-research/publication/multiyear-funding-nih-research-grants,Multiyear-funded grants totaling $960M
ACAD_NIH_MYF_N,FY2025,2025-09-30,2000,count,"more than 2,000 multiyear-funded grants",AAMC Multiyear Funding of NIH Research Grants,https://www.aamc.org/about-us/biomedical-research/publication/multiyear-funding-nih-research-grants,About twice FY2024
ACAD_NIH_MYF_POLICY,2025-06,2025-06-30,50,pct,"From June 2025, 50% of remaining competing RPG funds must go to fully funded (upfront) multiyear awards",Science (AAAS),https://www.science.org/content/article/nih-research-grant-success-rates-plummeted-2025,NIH names this as a cause of the FY2025 success-rate drop; the FY2026 PBR proposed continuing the 50% policy (NIH Office of Budget overview)
ACAD_NIH_MYF_POLICY,FY2026,2026-09-30,,text,FY2026 Consolidated Appropriations Act caps NIH multiyear-award obligations at the FY2025 level,CASRAI guide,https://casrai.org/guides/nih-multiyear-lump-sum-funding-r01-fy2026-cap,Same source: the cap still means roughly 970 fewer competing awards than historical norms
ACAD_NIH_MYF_POLICY,FY2027,2027-09-30,,text,FY27 PBR proposes moving to fully fund all RPGs upfront starting in 2027,The Cancer Letter,https://cancerletter.com/cancer-policy/20260410_5a/,
ACAD_NIH_MYF_SHARE,FY2025,2025-09-30,25,pct,more than one quarter of projects multiyear-funded in 2025 vs under 10% in 2024,Good Science Project (Jeremy Berg),https://goodscience.substack.com/p/understanding-and-modeling-nih-research,
ACAD_NIH_MYF_USD,FY2024,2024-09-30,0.96,USD_bn,,AAMC Multiyear Funding of NIH Research Grants,https://www.aamc.org/about-us/biomedical-research/publication/multiyear-funding-nih-research-grants,
ACAD_NIH_MYF_USD,FY2025,2025-09-30,2.2,USD_bn,,AAMC Multiyear Funding of NIH Research Grants,https://www.aamc.org/about-us/biomedical-research/publication/multiyear-funding-nih-research-grants,= 6% of all extramural obligations
ACAD_NIH_MYF_USD,FY2025,2025-09-30,3.61,USD_bn,,Granted AI blog,https://grantedai.com/blog/nih-grant-success-rates-plummeting-multiyear-funding-2026,CONFLICT with AAMC $2.2B: = 30.1% of competing grants (FY2024 given as $1.4B = 16.2%); multiyear-funded R01s 21 (FY24) to 743 (FY25). Secondary source; definitions unclear
ACAD_NIH_NEW_AWARD_PACE,FY2026-YTD-Feb,2026-02-28,-66,pct,,AAU,https://www.aau.edu/newsroom/leading-research-universities-report/data-show-dramatic-slowdown-nih-grantmaking,Number of awards vs the FY21-24 average for the same period; OMB apportionment hold released 2026-03-16
ACAD_NIH_NEW_AWARD_PACE,FY2026-YTD-Mar,2026-03-03,-74,pct,,STAT (Johns Hopkins RePORTER analysis),https://www.statnews.com/2026/03/17/nih-grant-funding-slowdown-new-awards-training-grants/,Competitive (new) awards vs the FY2021-2024 average for the same period
ACAD_NIH_PBR,FY2027,2027-09-30,41.4,USD_bn,,NIH Office of Budget / AAMC (via search summary),https://officeofbudget.od.nih.gov/,"FY27 PBR program level; described as a $6B (13%) cut from FY26 enacted of $47.2B; would end NIMHD, Fogarty and NCCIH. AAMC statement: https://www.aamc.org/news/press-releases/aamc-statement-president-s-budget-request-fy-2027"
ACAD_NIH_PBR,FY2027,2027-09-30,41.2,USD_bn,,AAI News (via search summary),https://news.aai.org/2026/06/10/statement-house-committee-markup-fy2027-hhs-bill/,CONFLICT with $41.4B: described as a 12% cut from $47.2B. Harvard OFR describes it as nearly -$6B (-12.8%): https://ofr.harvard.edu/news/2026/04/president-trump-releases-fy27-budget-request
ACAD_NIH_PROGRAM_LEVEL,FY2019,2019-09-30,39.308,USD_bn,,CRS R43341 NIH Funding,https://www.congress.gov/crs-product/R43341,NIH total program level from the CRS R43341 series (surfaced via search summary); before ARPA-H
ACAD_NIH_PROGRAM_LEVEL,FY2022,2022-09-30,45.183,USD_bn,,CRS R43341 NIH Funding,https://www.congress.gov/crs-product/R43341,The search summary stated this figure. CRS also says FY2023 was +$3B (+6.5%) vs FY2022; that comparison only reconciles if ARPA-H is included. Verify against CRS Table 3
ACAD_NIH_PROGRAM_LEVEL,FY2023,2023-09-30,47.678,USD_bn,,CRS R43341 NIH Funding,https://www.congress.gov/crs-product/R43341,NIH program level excluding ARPA-H
ACAD_NIH_PROGRAM_LEVEL,FY2025,2025-09-30,46.995,USD_bn,,CRS R43341 NIH Funding,https://www.congress.gov/crs_external_products/R/PDF/R43341/R43341.54.pdf,FY2025 final program level excluding ARPA-H; NIH+ARPA-H ($1.5B) = $48.495B
ACAD_NIH_PROGRAM_LEVEL,FY2026,2026-09-30,47.493,USD_bn,,CRS R43341 NIH Funding FY1996-FY2026,https://www.congress.gov/crs_external_products/R/PDF/R43341/R43341.58.pdf,"Enacted via P.L. 119-75 and P.L. 119-74; CRS says +$458M (+1.0%) vs FY2025 final. NIH+ARPA-H stated as $48.933B (+0.9%). Arithmetic flag: 48.933-1.5=47.433, so one of these figures may be a transcription error; verify"
ACAD_NIH_PROGRAM_LEVEL,FY2026,2026-09-30,47.2,USD_bn,,Science (AAAS),https://www.science.org/content/article/nih-likely-award-fewer-grants-it-races-spend-2026-budget,"CONFLICT with CRS $47.493B: Science says Congress gave NIH $47.2B for FY2026, and the FY27 budget-request coverage also uses $47.2B as the FY26 enacted base. Probably a different definition (not verified)"
ACAD_NIH_R01EQ_AWARDS,FY2024,2024-09-30,7000,count,,NIH Nexus (via search summary),https://www.grants.nih.gov/news-events/nih-extramural-nexus-news/2026/03/fiscal-year-2025-by-the-numbers-extramural-grant-investments-in-research,"R01-EQUIVALENT subset only (not all RPGs); 37,478 applications"
ACAD_NIH_R01EQ_AWARDS,FY2025,2025-09-30,5471,count,,Grantsights,https://grantsights.com/blog/nih-r01-grant-success-rate-data,"R01-EQUIVALENT subset only; 42,022 applications (5,471/42,022 = 13.0%). CONFLICT: Granted AI gives 4,399 awards on 38,557 applications (11.4%, which doesn't match 13.0%): https://grantedai.com/blog/nih-grant-success-rates-plummeting-multiyear-funding-2026"
ACAD_NIH_R01EQ_INVESTIGATORS,FY2025,2025-09-30,5885,count,,Science (AAAS),https://www.science.org/content/article/nih-research-grant-success-rates-plummeted-2025,"Investigators (not awards) winning R01-equivalent grants: 7,720 in FY2024 falling to 5,885 in FY2025"
ACAD_NIH_RPG_SUCCESS_RATE,FY2019,2019-09-30,20.1,pct,,NIH Extramural Nexus FY2020 By the Numbers,https://nexus.od.nih.gov/all/2021/04/21/fy-2020-by-the-numbers-extramural-investments-in-research,All competing RPGs
ACAD_NIH_RPG_SUCCESS_RATE,FY2020,2020-09-30,20.6,pct,,NIH Extramural Nexus FY2020 By the Numbers,https://nexus.od.nih.gov/all/2021/04/21/fy-2020-by-the-numbers-extramural-investments-in-research,"R01-equivalent success rate was 21.4% (7,767 awards / 36,250 applications)"
ACAD_NIH_RPG_SUCCESS_RATE,FY2021,2021-09-30,19.1,pct,,NIH Extramural Nexus FY2021 By the Numbers,https://nexus.od.nih.gov/all/2022/03/07/fy-2021-by-the-numbers-extramural-grant-investments-in-research,
ACAD_NIH_RPG_SUCCESS_RATE,FY2022,2022-09-30,20.7,pct,,NIH Extramural Nexus FY2022 By the Numbers,https://nexus.od.nih.gov/all/2023/03/01/fy-2022-by-the-numbers-extramural-grant-investments-in-research,
ACAD_NIH_RPG_SUCCESS_RATE,FY2023,2023-09-30,21.3,pct,,NIH Extramural Nexus FY2023 By the Numbers,https://nexus.od.nih.gov/all/2024/02/21/fy-2023-by-the-numbers-extramural-grant-investments-in-research,DrugMonkey also gives 21.3%; R01-equivalent was 21.6%
ACAD_NIH_RPG_SUCCESS_RATE,FY2024,2024-09-30,18.5,pct,,DrugMonkey (citing NIH Data Book),https://drugmonkey.wordpress.com/2026/03/18/nih-finally-releases-some-fy2025-success-rate-data/,R01-equivalent was 18.7%
ACAD_NIH_RPG_SUCCESS_RATE,FY2025,2025-09-30,13.0,pct,,DrugMonkey (citing NIH Data Book),https://drugmonkey.wordpress.com/2026/03/18/nih-finally-releases-some-fy2025-success-rate-data/,R01-equivalent was also given as 13.0% in the same post; confirm the RPG figure in the Data Book (https://report.nih.gov/nihdatabook/report/20). Early-stage investigators fell from 29.8% (2023) to 18.5% (2025) per STAT: https://www.statnews.com/2025/12/18/nih-early-career-researchers-grant-success-rate-falls/
ACAD_NIH_SENATE_MARK,FY2026,2026-09-30,48.7,USD_bn,,Senate Appropriations Committee FY26 LHHS bill summary,https://www.appropriations.senate.gov/imo/media/doc/fy26_lhhs_senate_bill_summary.pdf,Committee approved 2025-07-31; +$400M vs FY2025
ACAD_NIH_TERMINATED_N,2025-04,2025-04-08,694,count,,AJMC (JAMA study coverage),https://www.ajmc.com/view/nih-grants-terminated-amid-trump-administration-raising-concerns-for-us-research-minority-health-disparities,Terminated 2025-02-28 to 2025-04-08 across 24 of 26 ICs; $1.81B total award value
ACAD_NIH_TERMINATED_N,2025-05,2025-05-05,777,count,,AAMC Impact of NIH Grant Terminations (via search summary),https://www.aamc.org/media/83356/download,U.S. institutions; $1.9B lost funding; attribution to this URL inferred from the result set
ACAD_NIH_TERMINATED_N,2025-08,2025-08-31,2291,count,,PNAS,https://www.pnas.org/doi/10.1073/pnas.2527755123,Active grants terminated Feb-Aug 2025
ACAD_NIH_TERMINATED_N,2025-11,2025-11-30,2500,count,,Science News (Grant Witness data),https://www.sciencenews.org/article/nih-nsf-cuts-2025-data,"'Nearly 2,500' NIH grants frozen or terminated; NIH+NSF about 5,300 grants and over $5B unspent; NSF over 1,300 grants and about $0.7B"
ACAD_NIH_TERMINATED_USD,2025-08,2025-08-31,2.45,USD_bn,,PNAS,https://www.pnas.org/doi/10.1073/pnas.2527755123,Rescinded out of $5.08B total award value; about 52% had already been spent at cancellation
ACAD_NIH_TERMINATED_USD,2025-08,2025-08-31,2,USD_bn,Supreme Court allowed NIH to proceed with about $2B in grant cuts,Nature,https://www.nature.com/articles/d41586-025-02721-5,Science later reported a legal adviser warning NIH not to re-terminate about 900 grants: https://www.science.org/content/article/despite-supreme-court-win-nih-may-not-quickly-kill-again-some-900-grants-sensitive
ACAD_NIH_TERMINATED_USD,2025-11,2025-11-30,2.3,USD_bn,,Science News (Grant Witness data),https://www.sciencenews.org/article/nih-nsf-cuts-2025-data,Unspent NIH funds frozen or terminated
ACAD_NIH_TERMINATED_USD,2026-05,2026-05-11,0.461,USD_bn,,Grant Witness NIH weekly report,https://grantwitness.org/reports/2026-05-11_NIH_report.html,NIH 'lost funding' based on the latest obligation data; net of reinstatements
ACAD_NIH_TERMINATED_USD,2026-06,2026-06-22,0.53,USD_bn,,Grant Witness NIH data update,https://grantwitness.org/nih/updates/2026-06-22-new-nih-award-value,"Remaining value of grants still terminated or frozen, excluding restored grants (different method from the May figure)"
BIO_FOLLOWON_COUNT_DEALFORMA_FO,2025-Q3,2025-09-30,30,count,,DealForma Q3 2025 IPO/Follow-on/PIPE Review,https://dealforma.com/biopharma-therapeutics-and-platform-ipos-follow-on-and-pipe-issuances-q3-2025-review/,
BIO_FOLLOWON_COUNT_DEALFORMA_FO,2025-Q4,2025-12-31,52,count,,DealForma Q1 2026 IPO/Follow-on/PIPE Review,https://dealforma.com/biopharma-therapeutics-and-platforms-ipo-activity-follow-ons-and-pipes-q1-2026-review/,
BIO_FOLLOWON_COUNT_DEALFORMA_FO,2026-Q1,2026-03-31,38,count,,DealForma Q1 2026 IPO/Follow-on/PIPE Review,https://dealforma.com/biopharma-therapeutics-and-platforms-ipo-activity-follow-ons-and-pipes-q1-2026-review/,
BIO_FOLLOWON_COUNT_DEALFORMA_FO_H,2026-H1,2026-06-30,78,count,,DealForma Q2 2026 IPO/Follow-on/PIPE Review,https://dealforma.com/biopharma-therapeutics-and-platforms-ipo-activity-follow-ons-and-pipes-q2-2026-review/,
BIO_FOLLOWON_COUNT_DEALFORMA_PIPE,2025-Q2,2025-06-30,23,count,,DealForma Q3 2025 IPO/Follow-on/PIPE Review,https://dealforma.com/biopharma-therapeutics-and-platform-ipos-follow-on-and-pipe-issuances-q3-2025-review/,
BIO_FOLLOWON_COUNT_DEALFORMA_PIPE,2025-Q3,2025-09-30,34,count,,DealForma Q3 2025 IPO/Follow-on/PIPE Review,https://dealforma.com/biopharma-therapeutics-and-platform-ipos-follow-on-and-pipe-issuances-q3-2025-review/,
BIO_FOLLOWON_COUNT_DEALFORMA_PIPE,2025-Q4,2025-12-31,49,count,,DealForma Q1 2026 IPO/Follow-on/PIPE Review,https://dealforma.com/biopharma-therapeutics-and-platforms-ipo-activity-follow-ons-and-pipes-q1-2026-review/,
BIO_FOLLOWON_COUNT_DEALFORMA_PIPE,2026-Q1,2026-03-31,42,count,,DealForma Q1 2026 IPO/Follow-on/PIPE Review,https://dealforma.com/biopharma-therapeutics-and-platforms-ipo-activity-follow-ons-and-pipes-q1-2026-review/,
BIO_FOLLOWON_USD_BIOCENTURY,2025-12,2025-12-31,4.5,USD_bn,nearly $4.5bn in a single week,BioCentury Public Equity Report,https://www.biocentury.com/article/657858/after-huge-day-more-follow-ons-lift-week-s-total-to-nearly-4-5b-public-equity-report,One December 2025 week. About a dozen public biotechs. Roughly 3x any earlier 2025 week.
BIO_FOLLOWON_USD_DEALFORMA_ALL_H,2025-H1,2025-06-30,16.4,USD_bn,117 deals,DealForma (attribution probable),https://dealforma.com/biopharma-therapeutics-and-platform-ipos-follow-on-and-pipe-issuances-q3-2025-review/,"LOW CONFIDENCE on scope: public equity raised in H1 2025, probably IPO + follow-on + PIPE, with follow-ons the largest share."
BIO_FOLLOWON_USD_DEALFORMA_FO,2025-Q2,2025-06-30,4.4,USD_bn,,DealForma Q3 2025 IPO/Follow-on/PIPE Review,https://dealforma.com/biopharma-therapeutics-and-platform-ipos-follow-on-and-pipe-issuances-q3-2025-review/,
BIO_FOLLOWON_USD_DEALFORMA_FO,2025-Q3,2025-09-30,5.2,USD_bn,,DealForma Q3 2025 IPO/Follow-on/PIPE Review,https://dealforma.com/biopharma-therapeutics-and-platform-ipos-follow-on-and-pipe-issuances-q3-2025-review/,30 deals.
BIO_FOLLOWON_USD_DEALFORMA_FO,2025-Q4,2025-12-31,11.5,USD_bn,,DealForma Q1 2026 IPO/Follow-on/PIPE Review,https://dealforma.com/biopharma-therapeutics-and-platforms-ipo-activity-follow-ons-and-pipes-q1-2026-review/,52 deals.
BIO_FOLLOWON_USD_DEALFORMA_FO,2026-Q1,2026-03-31,8.1,USD_bn,,DealForma Q1 2026 IPO/Follow-on/PIPE Review,https://dealforma.com/biopharma-therapeutics-and-platforms-ipo-activity-follow-ons-and-pipes-q1-2026-review/,"38 deals. Largest raises: Xenon $748m, Dianthus $719m, Vaxcyte $633m, Praxis $575m."
BIO_FOLLOWON_USD_DEALFORMA_FO_H,2026-H1,2026-06-30,20,USD_bn,,DealForma Q2 2026 IPO/Follow-on/PIPE Review,https://dealforma.com/biopharma-therapeutics-and-platforms-ipo-activity-follow-ons-and-pipes-q2-2026-review/,Follow-on offerings only (PIPEs excluded). GLOBAL therapeutics & platforms. 78 issuances.
BIO_FOLLOWON_USD_DEALFORMA_PIPE,2025-Q2,2025-06-30,2.6,USD_bn,,DealForma Q3 2025 IPO/Follow-on/PIPE Review,https://dealforma.com/biopharma-therapeutics-and-platform-ipos-follow-on-and-pipe-issuances-q3-2025-review/,PIPEs only.
BIO_FOLLOWON_USD_DEALFORMA_PIPE,2025-Q3,2025-09-30,3.0,USD_bn,,DealForma Q3 2025 IPO/Follow-on/PIPE Review,https://dealforma.com/biopharma-therapeutics-and-platform-ipos-follow-on-and-pipe-issuances-q3-2025-review/,PIPEs only.
BIO_FOLLOWON_USD_DEALFORMA_PIPE,2025-Q4,2025-12-31,4.8,USD_bn,,DealForma Q1 2026 IPO/Follow-on/PIPE Review,https://dealforma.com/biopharma-therapeutics-and-platforms-ipo-activity-follow-ons-and-pipes-q1-2026-review/,PIPEs only.
BIO_FOLLOWON_USD_DEALFORMA_PIPE,2026-Q1,2026-03-31,2.9,USD_bn,,DealForma Q1 2026 IPO/Follow-on/PIPE Review,https://dealforma.com/biopharma-therapeutics-and-platforms-ipo-activity-follow-ons-and-pipes-q1-2026-review/,PIPEs only. Global.
BIO_IPO_COUNT_BIOBUCKS_YTD,2026-YTD-Aug,2026-08-31,21,count,,BioBucks Biotech IPO Tracker 2026,https://www.biobucks.co/biotech-ipo-tracker-2026,"US-listed biotech IPOs. From the page title '21 IPOs, ~$6.5B Raised' (late-August snapshot)."
BIO_IPO_COUNT_BIOSPACE_FY,2024,2024-12-31,25,count,about 25,BioSpace,https://www.biospace.com/business/2024-a-year-of-cautious-ipos-restraint-and-breakthroughs,Most in early 2024. Most traded below offer price.
BIO_IPO_COUNT_BPDIVE,2026-Q1,2026-03-31,6,count,,BioPharma Dive,https://www.biopharmadive.com/news/biotech-ipo-performance-q1-2026/815879/,Median raise $287.5m.
BIO_IPO_COUNT_BPDIVE_FY,2021,2021-12-31,100,count,more than 100,BioPharma Dive IPO tracker,https://www.biopharmadive.com/news/biotech-ipo-performance-tracker/587604/,"Stated as 'more than 100'. An unattributed summary cites 78 biotech IPOs in 2021, a definitional difference."
BIO_IPO_COUNT_BPDIVE_FY,2022,2022-12-31,22,count,,BioPharma Dive IPO tracker,https://www.biopharmadive.com/news/biotech-ipo-performance-tracker/587604/,
BIO_IPO_COUNT_BPDIVE_FY,2023,2023-12-31,19,count,,BioPharma Dive IPO tracker,https://www.biopharmadive.com/news/biotech-ipo-performance-tracker/587604/,CONFLICT: another BioPharma Dive summary says only 11 drugmakers priced IPOs 'last year' (read as 2023). Inclusion criteria may differ.
BIO_IPO_COUNT_BPDIVE_FY,2025,2025-12-31,8,count,fewest in at least five years,BioPharma Dive,https://www.biopharmadive.com/news/biotech-ipo-performance-q1-2026/815879/,
BIO_IPO_COUNT_BPDIVE_YTD,2024-YTD-Sep,2024-09-30,18,count,,BioPharma Dive IPO tracker,https://www.biopharmadive.com/news/biotech-ipo-performance-tracker/587604/,Count as of Sep 2024. Full-year 2024 not captured from BioPharma Dive.
BIO_IPO_COUNT_BPDIVE_YTD,2026-YTD-Jun,2026-06-30,13,count,'baker's dozen' of venture-backed biotechs,BioPharma Dive,https://www.biopharmadive.com/news/bio-2026-ipo-biotech-performance-predictions/823474/,As of the BIO convention (June 2026); exact date not given. 11 of 13 raised at least $250m. Parabilis ($670m) and Kailera beat Moderna's record for the largest biotech IPO.
BIO_IPO_COUNT_BPIQ_H,2025-H1,2025-06-30,7,count,,BPIQ,https://www.bpiq.com/post/bio-pharma-ipo-market-selectively-opens-in-h1-2026,
BIO_IPO_COUNT_BPIQ_H,2026-H1,2026-06-30,15,count,highest H1 since 2021,BPIQ,https://www.bpiq.com/post/bio-pharma-ipo-market-selectively-opens-in-h1-2026,+114% vs H1 2025.
BIO_IPO_COUNT_DEALFORMA,2025-Q4,2025-12-31,7,count,,DealForma Q1 2026 IPO/Follow-on/PIPE Review,https://dealforma.com/biopharma-therapeutics-and-platforms-ipo-activity-follow-ons-and-pipes-q1-2026-review/,Global.
BIO_IPO_COUNT_DEALFORMA,2026-Q1,2026-03-31,11,count,,DealForma Q2 2026 IPO/Follow-on/PIPE Review,https://dealforma.com/biopharma-therapeutics-and-platforms-ipo-activity-follow-ons-and-pipes-q2-2026-review/,Revised figure. DealForma's Q1 review first reported 10 (next row).
BIO_IPO_COUNT_DEALFORMA,2026-Q1,2026-03-31,10,count,,DealForma Q1 2026 IPO/Follow-on/PIPE Review,https://dealforma.com/biopharma-therapeutics-and-platforms-ipo-activity-follow-ons-and-pipes-q1-2026-review/,First-reported figure.
BIO_IPO_COUNT_DEALFORMA,2026-Q2,2026-06-30,10,count,,DealForma Q2 2026 IPO/Follow-on/PIPE Review,https://dealforma.com/biopharma-therapeutics-and-platforms-ipo-activity-follow-ons-and-pipes-q2-2026-review/,GLOBAL therapeutics & platforms. Average IPO $360m vs $209m in Q1.
BIO_IPO_COUNT_DEALFORMA_H,2026-H1,2026-06-30,21,count,,DealForma Q2 2026 IPO/Follow-on/PIPE Review,https://dealforma.com/biopharma-therapeutics-and-platforms-ipo-activity-follow-ons-and-pipes-q2-2026-review/,Global.
BIO_IPO_COUNT_GLOBALDATA_FY,2024,2024-12-31,50,count,,GlobalData via Mondo Visione,https://mondovisione.com/media-and-resources/news/biotech-ipos-surge-684-yoy-to-852-billion-in-2024-amid-public-market-recover-2025417/,GLOBAL biopharma IPOs.
BIO_IPO_COUNT_HSBC_H,2026-H1,2026-06-30,12,count,,HSBC Innovation Banking 2026 Mid-Year Venture Healthcare Report,https://www.hsbcinnovationbanking.com/us/en/resources/2026-1h-venture-healthcare-report,Venture-backed IPOs; sector scope per HSBC.
BIO_IPO_COUNT_NASDAQNYSE_FY,2023,2023-12-31,13,count,,Attribution unverified (DealForma 2024 IPO review probable),https://dealforma.com/biopharma-therapeutics-and-platforms-ipo-activity-in-2024/,LOW CONFIDENCE.
BIO_IPO_COUNT_NASDAQNYSE_FY,2024,2024-12-31,19,count,,Attribution unverified (DealForma 2024 IPO review probable),https://dealforma.com/biopharma-therapeutics-and-platforms-ipo-activity-in-2024/,LOW CONFIDENCE. Biopharma IPOs on NASDAQ + NYSE.
BIO_IPO_COUNT_PITCHBOOK,2025-Q2,2025-06-30,0,count,no US biopharma startup IPO (first time in PitchBook data),PitchBook Q2 2025 Biopharma VC Trends,https://pitchbook.com/news/reports/q2-2025-biopharma-vc-trends,VC-backed US biopharma.
BIO_IPO_COUNT_UNATTRIB_YTD,2026-YTD-Sep,2026-09-25,25,count,most since 2021,Search summary (attribution unverified),https://www.biopharmadive.com/news/biotech-ipo-performance-tracker/587604/,"LOW CONFIDENCE. The figure appeared in a search summary whose results included the BioPharma Dive tracker, BioSpace, Xtalks and BioBucks. Its '78 IPOs in 2021' comparison conflicts with BioPharma Dive's '>100', so it may come from another publisher."
BIO_IPO_MEDIAN_USD_HSBC_FY,2025,2025-12-31,191,USD_mn,median IPO proceeds,HSBC Innovation Banking 2026 Mid-Year Venture Healthcare Report,https://www.hsbcinnovationbanking.com/us/en/resources/2026-1h-venture-healthcare-report,
BIO_IPO_MEDIAN_USD_HSBC_H,2026-H1,2026-06-30,344,USD_mn,median IPO proceeds,HSBC Innovation Banking 2026 Mid-Year Venture Healthcare Report,https://www.hsbcinnovationbanking.com/us/en/resources/2026-1h-venture-healthcare-report,
BIO_IPO_USD_BIOBUCKS_YTD,2026-YTD-Aug,2026-08-31,6.5,USD_bn,approx.,BioBucks Biotech IPO Tracker 2026,https://www.biobucks.co/biotech-ipo-tracker-2026,A separate unattributed summary said drug startups had banked $6bn in IPOs by early August 2026.
BIO_IPO_USD_BPDIVE,2026-Q1,2026-03-31,1.7,USD_bn,most of any quarter since 2021,BioPharma Dive,https://www.biopharmadive.com/news/biotech-ipo-performance-q1-2026/815879/,Other coverage of the same data says 'roughly $1.8bn'.
BIO_IPO_USD_BPDIVE_FY,2021,2021-12-31,15,USD_bn,nearly $15bn,BioPharma Dive IPO tracker,https://www.biopharmadive.com/news/biotech-ipo-performance-tracker/587604/,
BIO_IPO_USD_BPDIVE_FY,2025,2025-12-31,,USD_bn,full-year 2025 total below Q1 2026 proceeds (~$1.7-1.8bn),BioPharma Dive,https://www.biopharmadive.com/news/biotech-ipo-performance-q1-2026/815879/,Qualitative. The exact 2025 total was not given.
BIO_IPO_USD_DEALFORMA,2025-Q4,2025-12-31,1.0,USD_bn,,DealForma Q1 2026 IPO/Follow-on/PIPE Review,https://dealforma.com/biopharma-therapeutics-and-platforms-ipo-activity-follow-ons-and-pipes-q1-2026-review/,Global.
BIO_IPO_USD_DEALFORMA,2026-Q1,2026-03-31,2.3,USD_bn,,DealForma Q2 2026 IPO/Follow-on/PIPE Review,https://dealforma.com/biopharma-therapeutics-and-platforms-ipo-activity-follow-ons-and-pipes-q2-2026-review/,Revised. First reported as $2.2bn.
BIO_IPO_USD_DEALFORMA,2026-Q1,2026-03-31,2.2,USD_bn,,DealForma Q1 2026 IPO/Follow-on/PIPE Review,https://dealforma.com/biopharma-therapeutics-and-platforms-ipo-activity-follow-ons-and-pipes-q1-2026-review/,First-reported figure.
BIO_IPO_USD_DEALFORMA,2026-Q2,2026-06-30,3.6,USD_bn,,DealForma Q2 2026 IPO/Follow-on/PIPE Review,https://dealforma.com/biopharma-therapeutics-and-platforms-ipo-activity-follow-ons-and-pipes-q2-2026-review/,Global. Proceeds up ~57% QoQ.
BIO_IPO_USD_DEALFORMA_H,2026-H1,2026-06-30,5.9,USD_bn,,DealForma Q2 2026 IPO/Follow-on/PIPE Review,https://dealforma.com/biopharma-therapeutics-and-platforms-ipo-activity-follow-ons-and-pipes-q2-2026-review/,Global.
BIO_IPO_USD_GLOBALDATA_FY,2023,2023-12-31,5.06,USD_bn,,GlobalData via Mondo Visione,https://mondovisione.com/media-and-resources/news/biotech-ipos-surge-684-yoy-to-852-billion-in-2024-amid-public-market-recover-2025417/,Global.
BIO_IPO_USD_GLOBALDATA_FY,2024,2024-12-31,8.52,USD_bn,,GlobalData via Mondo Visione,https://mondovisione.com/media-and-resources/news/biotech-ipos-surge-684-yoy-to-852-billion-in-2024-amid-public-market-recover-2025417/,Global. +68.4% YoY. Highest since 2021.
BIO_IPO_USD_NASDAQNYSE_FY,2023,2023-12-31,2.7,USD_bn,,Attribution unverified (DealForma 2024 IPO review probable),https://dealforma.com/biopharma-therapeutics-and-platforms-ipo-activity-in-2024/,LOW CONFIDENCE.
BIO_IPO_USD_NASDAQNYSE_FY,2024,2024-12-31,3.8,USD_bn,,Attribution unverified (DealForma 2024 IPO review probable),https://dealforma.com/biopharma-therapeutics-and-platforms-ipo-activity-in-2024/,LOW CONFIDENCE.
BIO_LAB_VACANCY_BOS_CBRE,2025-Q2,2025-06-30,26.2,pct,,CBRE Boston Metro Life Science Figures Q2 2026,https://www.cbre.com/insights/figures/boston-metro-life-science-figures-q2-2026,YoY comparison in the Q2 2026 release.
BIO_LAB_VACANCY_BOS_CBRE,2026-Q2,2026-06-30,28.7,pct,,CBRE Boston Metro Life Science Figures Q2 2026,https://www.cbre.com/insights/figures/boston-metro-life-science-figures-q2-2026,"Greater Boston total lab market. +70 bps QoQ, +250 bps YoY. First quarter of positive net absorption since Q3 2025."
BIO_LAB_VACANCY_BOS_ECAMBRIDGE,2026-Q2,2026-06-30,13.4,pct,,CBRE or LPC (attribution unverified),https://www.cbre.com/insights/figures/boston-metro-life-science-figures-q2-2026,"East Cambridge submarket. The same summary gave Mid Cambridge 15.5%, West Cambridge 39.5% and Inner Suburbs 47.8%. Results also included the LPC Boston Q2 2026 lab report, so this may be LPC data."
BIO_LAB_VACANCY_SF_CBRE,2026-Q1,2026-03-31,30.7,pct,,CBRE Bay Area Life Sciences Figures Q2 2026,https://www.cbre.com/insights/figures/bay-area-life-sciences-figures-q2-2026,Net absorption -455k sf.
BIO_LAB_VACANCY_SF_CBRE,2026-Q2,2026-06-30,31.1,pct,,CBRE Bay Area Life Sciences Figures Q2 2026,https://www.cbre.com/insights/figures/bay-area-life-sciences-figures-q2-2026,Net absorption -679k sf. Average asking rent $5.46/sf.
BIO_LAB_VACANCY_SF_SAVILLS,2025-Q2,2025-06-30,23.1,pct,,Savills SF Bay Area Q2 2026 Life Sciences Report,https://www.savills.us/research_articles/256536/392655-0,
BIO_LAB_VACANCY_SF_SAVILLS,2026-Q2,2026-06-30,26.2,pct,,Savills SF Bay Area Q2 2026 Life Sciences Report,https://www.savills.us/research_articles/256536/392655-0,+310 bps YoY. Market definition differs from CBRE's (31.1%).
BIO_LAB_VACANCY_US_CBRE,2026-Q1,2026-03-31,23.8,pct,record,CBRE Q1 2026 U.S. Life Sciences Figures,https://www.cbre.com/insights/figures/q1-2026-us-life-sciences-figures,CONFLICT with 23.2% in the next row. Which figure belongs to the CBRE page and which to R&D World is unverified.
BIO_LAB_VACANCY_US_CBRE,2026-Q1,2026-03-31,23.2,pct,average of top 13 markets,R&D World (citing CBRE),https://www.rdworldonline.com/has-the-life-science-lab-market-finally-hit-bottom-cbre-data-offers-cautious-hope/,Reported alongside record biotech employment and rising VC.
BIO_LAB_VACANCY_US_CBRE_FCST,2026,2026-12-31,22.5,pct,demand expected to lower vacancy 40 bps to 22.5%,CBRE U.S. Real Estate Market Outlook Midyear Review 2026,https://www.cbre.com/insights/books/us-real-estate-market-outlook-midyear-review-2026/life-sciences,AMBIGUOUS: reads as a CBRE forecast; another summary phrased it as 'eased to 22.5%'. CBRE also says 2026 lab completions are the lowest in 10 years (3m sf) and biotech R&D job growth in April 2026 was the strongest in nearly 3 years.
BIO_LAB_VACANCY_US_JLL,2025-Q1,2025-03-31,25.7,pct,,JLL via CNBC,https://www.cnbc.com/2026/04/22/life-sciences-lab-real-estate-rebound.html,
BIO_LAB_VACANCY_US_JLL,2026-Q1,2026-03-31,27.4,pct,,JLL via CNBC,https://www.cnbc.com/2026/04/22/life-sciences-lab-real-estate-rebound.html,Aggregate of the 10 largest life-science markets. Attribution to CNBC probable. JLL also said Boston and the Bay Area are each above 30%.
BIO_LAYOFFS_FIERCE,2025-Q1,2025-03-31,64,count,,Fierce Biotech Layoff Tracker wrapped 2025,https://www.fiercebiotech.com/biotech/2025-numbers-layoff-rounds-rise-16-yoy,Revised in the year-end wrap. First reported as 61; a headline said 'at least 63'.
BIO_LAYOFFS_FIERCE,2025-Q2,2025-06-30,64,count,,Fierce Biotech Layoff Tracker wrapped 2025,https://www.fiercebiotech.com/biotech/2025-numbers-layoff-rounds-rise-16-yoy,"May 2025 had 29 rounds, an all-time monthly high."
BIO_LAYOFFS_FIERCE,2025-Q3,2025-09-30,62,count,,Fierce Biotech Layoff Tracker wrapped 2025,https://www.fiercebiotech.com/biotech/2025-numbers-layoff-rounds-rise-16-yoy,
BIO_LAYOFFS_FIERCE,2025-Q4,2025-12-31,33,count,,Fierce Biotech Layoff Tracker wrapped 2025,https://www.fiercebiotech.com/biotech/2025-numbers-layoff-rounds-rise-16-yoy,Slowdown began in September 2025.
BIO_LAYOFFS_FIERCE,2026-Q1,2026-03-31,33,count,,Fierce Biotech,https://www.fiercebiotech.com/biotech/biotech-layoffs-continue-slowdown-q125,Layoff announcements. The slowdown continued.
BIO_LAYOFFS_FIERCE,2026-Q2,2026-06-30,17,count,,Fierce Biotech,https://www.fiercebiotech.com/biotech/biotechs-better-position-avoid-workforce-reductions-layoffs-continue-drop-q226,"Companies reported laying off staff. Barely half of Q1 2026, vs 64 in Q2 2025."
BIO_LAYOFFS_FIERCE_FY,2023,2023-12-31,187,count,,Fierce Biotech Layoff Tracker analysis,https://www.fiercebiotech.com/biotech/big-pharma-layoff-rounds-jump-281-24-while-total-biopharma-staff-cuts-similar-23,Layoff rounds. +57% vs 2022 per Fierce's 2023 wrap.
BIO_LAYOFFS_FIERCE_FY,2024,2024-12-31,192,count,,Fierce Biotech Layoff Tracker analysis,https://www.fiercebiotech.com/biotech/big-pharma-layoff-rounds-jump-281-24-while-total-biopharma-staff-cuts-similar-23,+3% vs 2023. Big Pharma rounds 42 vs 11 in 2023.
BIO_LAYOFFS_FIERCE_FY,2025,2025-12-31,,count,+16% YoY vs 2024,Fierce Biotech Layoff Tracker wrapped 2025,https://www.fiercebiotech.com/biotech/2025-numbers-layoff-rounds-rise-16-yoy,"The full-year count was not stated in the summary. The quarterly rows add up to 223 (my arithmetic, not a published figure)."
BIO_LAYOFFS_FIERCE_H,2024-H1,2024-06-30,97,count,,Fierce Biotech,https://www.fiercebiotech.com/biotech/biopharma-layoffs-first-half-year-jump-32-yoy,Stated as the prior-year halfway mark. H1 2025 was up 32% YoY.
BIO_MA_COUNT_HSBC_H,2026-H1,2026-06-30,19,count,,HSBC Innovation Banking 2026 Mid-Year Venture Healthcare Report,https://www.hsbcinnovationbanking.com/us/en/resources/2026-1h-venture-healthcare-report,"VC-backed biopharma acquisitions. 10 of 19 had preclinical or Phase I lead assets. For the 6 early-stage targets with disclosed valuations, the median upfront was 6.2x the last private round."
BIO_MA_MEDIAN_UPFRONT_HSBC_H,2026-H1,2026-06-30,950,USD_mn,median upfront,HSBC Innovation Banking 2026 Mid-Year Venture Healthcare Report,https://www.hsbcinnovationbanking.com/us/en/resources/2026-1h-venture-healthcare-report,
BIO_MA_USD_CNBC_YTD,2026-YTD-Jun,2026-06-04,106,USD_bn,on track for best year since pre-Covid,CNBC,https://www.cnbc.com/2026/06/04/biotech-ma-dealmaking-pharma-106-billion.html,Biotech M&A year to date (headline figure; scope per CNBC).
BIO_MA_USD_IQVIA_FCST,2026,2026-12-31,,USD_bn,forecast $140-160bn (+$20-30bn in best case),IQVIA (via IntuitionLabs; attribution unverified),https://intuitionlabs.ai/articles/biopharma-ma-2026-tracker-ai-valuation,FORECAST.
BIO_MA_USD_PITCHBOOK_VCEXITS,2026-Q2,2026-06-30,34.4,USD_bn,record; beat the Q4 2020 peak,PitchBook Q2 2026 Biopharma Report,https://pitchbook.com/news/reports/q2-2026-biopharma-report-funding-tops-10-billion-with-record-exits,"VC-backed biopharma exit value (M&A + IPO). Seven multibillion-dollar acquisitions, including Lilly-Kelonia ($7bn) and Gilead-Tubulis ($5bn)."
BIO_MA_USD_UNATTRIB,2026-Q1,2026-03-31,65,USD_bn,exceeded $65bn; nearly double Q1 2025,Attribution unverified (Fierce Pharma probable),https://www.fiercepharma.com/pharma/march-ma-surge-triggers-high-expectations-2026,LOW CONFIDENCE. 'Pharmaceutical and life sciences deal value'.
BIO_MA_USD_UNATTRIB,2026-Q2,2026-06-30,55.1,USD_bn,48 deals,Attribution unverified (as above),https://www.morse.law/news/biopharma-industry-midpoint-2026-report/,LOW CONFIDENCE.
BIO_MA_USD_UNATTRIB_H,2026-H1,2026-06-30,96,USD_bn,80 deals,Attribution unverified (Morse midpoint report / LifeScienceDaily / BioBucks candidates),https://www.morse.law/news/biopharma-industry-midpoint-2026-report/,LOW CONFIDENCE. Biopharma M&A.
BIO_VC_DEALS_BPDIVE_H,2026-H1,2026-06-30,68,count,at least 68 companies,BioPharma Dive,https://www.biopharmadive.com/news/biotech-venture-capital-funding-2026-first-half/824881/,
BIO_VC_DEALS_DEALFORMA,2023-Q1,2023-03-31,95,count,,DealForma Q1 2023 Review,https://dealforma.com/biopharma-venture-ipos-therapeutics-and-platforms-q1-2023-review/,Global rounds.
BIO_VC_DEALS_DEALFORMA,2026-Q1,2026-03-31,115,count,,DealForma Q2 2026 Venture Review,https://dealforma.com/biopharma-therapeutics-and-platforms-venture-funding-q2-2026-review/,Global rounds.
BIO_VC_DEALS_DEALFORMA,2026-Q2,2026-06-30,120,count,,DealForma Q2 2026 Venture Review,https://dealforma.com/biopharma-therapeutics-and-platforms-venture-funding-q2-2026-review/,Global rounds.
BIO_VC_DEALS_DEALFORMA_H,2026-H1,2026-06-30,235,count,,DealForma Q2 2026 Venture Review,https://dealforma.com/biopharma-therapeutics-and-platforms-venture-funding-q2-2026-review/,Global rounds.
BIO_VC_DEALS_HSBC_H,2026-H1,2026-06-30,314,count,,HSBC Innovation Banking 2026 Mid-Year Venture Healthcare Report,https://www.hsbcinnovationbanking.com/us/en/resources/2026-1h-venture-healthcare-report,"Compare DealForma's 235 rounds (global therapeutics & platforms), a definitional difference."
BIO_VC_DEALS_HSBC_HC_FY,2025,2025-12-31,2167,count,,HSBC Venture Healthcare Report 2025 Annual,https://www.hsbcinnovationbanking.com/us/en/resources/2025-annual-venture-healthcare-report,All healthcare deals.
BIO_VC_DEALS_PITCHBOOK,2023-Q4,2023-12-31,204,count,,BioSpace (citing PitchBook),https://www.biospace.com/biopharma-vc-funding-dropped-21-percent-in-q4-2023-pitchbook,
BIO_VC_DEALS_PITCHBOOK,2024-Q1,2024-03-31,188,count,,Fierce Biotech (citing PitchBook),https://www.fiercebiotech.com/biotech/biopharma-funding-levels-new-normal-until-federal-interest-rates-change-pitchbook,Attribution probable.
BIO_VC_DEALS_PITCHBOOK,2024-Q2,2024-06-30,176,count,,Fierce Biotech (citing PitchBook),https://www.fiercebiotech.com/biotech/amid-broader-uncertainty-biopharma-market-may-have-reached-new-norm-pitchbook,
BIO_VC_DEALS_PITCHBOOK,2024-Q3,2024-09-30,187,count,,Fierce Biotech (citing PitchBook),https://www.fiercebiotech.com/biotech/amid-broader-uncertainty-biopharma-market-may-have-reached-new-norm-pitchbook,
BIO_VC_DEALS_PITCHBOOK,2025-Q1,2025-03-31,203,count,,PitchBook Q1 2025 Biopharma Modalities VC Trends,https://pitchbook.com/news/reports/q1-2025-biopharma-modalities-vc-trends,-18.1% QoQ. From the Modalities report.
BIO_VC_DEALS_PITCHBOOK,2025-Q2,2025-06-30,198,count,,PitchBook Q2 2025 Biopharma VC Trends,https://pitchbook.com/news/reports/q2-2025-biopharma-vc-trends,
BIO_VC_DEALS_PITCHBOOK,2025-Q3,2025-09-30,250,count,,PitchBook Q3 2025 Biopharma VC Trends,https://pitchbook.com/news/reports/q3-2025-biopharma-vc-trends,
BIO_VC_DEALS_PITCHBOOK,2025-Q4,2025-12-31,374,count,,PitchBook Q1 2026 Biopharma VC Trends,https://pitchbook.com/news/reports/q1-2026-biopharma-vc-trends,
BIO_VC_DEALS_PITCHBOOK,2026-Q1,2026-03-31,265,count,,PitchBook Q1 2026 Biopharma VC Trends,https://pitchbook.com/news/reports/q1-2026-biopharma-vc-trends,Down from 374 in Q4 2025.
BIO_VC_DEALS_PITCHBOOK_FY,2023,2023-12-31,920,count,,Fierce Biotech (citing PitchBook),https://www.fiercebiotech.com/biotech/biopharma-vc-slips-last-years-q4-and-where-investors-are-likely-place-future-bets-pitchbook,
BIO_VC_DEALS_PITCHBOOK_FY,2024,2024-12-31,1091,count,,BioSpace (citing PitchBook),https://www.biospace.com/business/early-stage-biotechs-suffer-in-2025-as-vc-shuns-risk-pitchbook,Attribution probable.
BIO_VC_DEALS_PITCHBOOK_FY,2025,2025-12-31,1171,count,,PitchBook Q4 2025 Biopharma VC Trends,https://pitchbook.com/news/reports/q4-2025-biopharma-vc-trends,
BIO_VC_EARLYSTAGE_MEDIAN_PITCHBOOK_FY,2020,2020-12-31,15,USD_mn,median early-stage deal,PitchBook Q4 2025 Biopharma VC Trends,https://pitchbook.com/news/reports/q4-2025-biopharma-vc-trends,
BIO_VC_EARLYSTAGE_MEDIAN_PITCHBOOK_FY,2025,2025-12-31,27,USD_mn,median early-stage deal,PitchBook Q4 2025 Biopharma VC Trends,https://pitchbook.com/news/reports/q4-2025-biopharma-vc-trends,+77% vs $15m in 2020.
BIO_VC_EARLYSTAGE_SHARE_PITCHBOOK_FY,2020,2020-12-31,44,pct,,PitchBook Q4 2025 Biopharma VC Trends,https://pitchbook.com/news/reports/q4-2025-biopharma-vc-trends,
BIO_VC_EARLYSTAGE_SHARE_PITCHBOOK_FY,2025,2025-12-31,32,pct,,PitchBook Q4 2025 Biopharma VC Trends,https://pitchbook.com/news/reports/q4-2025-biopharma-vc-trends,"Early-stage share of biopharma funding, down from 44% in 2020."
BIO_VC_SEED_DEAL_SHARE_PITCHBOOK,2025-Q3,2025-09-30,14,pct,record low,PitchBook Q3 2025 Biopharma VC Trends,https://pitchbook.com/news/reports/q3-2025-biopharma-vc-trends,Seed deals as a share of total biopharma deals. Relevant because seed/early stage is where most preclinical work happens.
BIO_VC_USD_BPDIVE_H,2026-H1,2026-06-30,9.1,USD_bn,more than $9.1bn,BioPharma Dive,https://www.biopharmadive.com/news/biotech-venture-capital-funding-2026-first-half/824881/,"BioPharma Dive's own tally, narrower than PitchBook or HSBC. Highest H1 since the start of 2022. About 76% arrived via megarounds of $100m+. Most raisers already had drugs in clinical testing."
BIO_VC_USD_DEALFORMA,2023-Q1,2023-03-31,4.1,USD_bn,,DealForma Q1 2023 Review,https://dealforma.com/biopharma-venture-ipos-therapeutics-and-platforms-q1-2023-review/,"CONFLICT: DealForma's Q2 2023 review cites Q1 2023 as $3.7bn (next row), either a revision or a scope difference. DealForma notes a gradual decline from the Q1 2021 peak."
BIO_VC_USD_DEALFORMA,2023-Q1,2023-03-31,3.7,USD_bn,,DealForma Q2 2023 Venture Review,https://dealforma.com/q2-2023-biopharma-venture-funding-therapeutics-and-platforms/,CONFLICT with the $4.1bn first-reported figure.
BIO_VC_USD_DEALFORMA,2023-Q2,2023-06-30,4.7,USD_bn,,DealForma Q2 2023 Venture Review,https://dealforma.com/q2-2023-biopharma-venture-funding-therapeutics-and-platforms/,Global.
BIO_VC_USD_DEALFORMA,2026-Q1,2026-03-31,7.1,USD_bn,,DealForma Q2 2026 Venture Review,https://dealforma.com/biopharma-therapeutics-and-platforms-venture-funding-q2-2026-review/,Global.
BIO_VC_USD_DEALFORMA,2026-Q2,2026-06-30,9.2,USD_bn,,DealForma Q2 2026 Venture Review,https://dealforma.com/biopharma-therapeutics-and-platforms-venture-funding-q2-2026-review/,"GLOBAL biopharma therapeutics & platforms rounds, not US-only. Capital up nearly 30% QoQ. Average round $86m vs $64m. Series B $3.9bn, Series A $2.1bn, seed $0.3bn (down), Series D+ $0.5bn."
BIO_VC_USD_DEALFORMA_H,2026-H1,2026-06-30,16.3,USD_bn,,DealForma Q2 2026 Venture Review,https://dealforma.com/biopharma-therapeutics-and-platforms-venture-funding-q2-2026-review/,Global.
BIO_VC_USD_HSBC,2026-Q2,2026-06-30,9.4,USD_bn,,HSBC Innovation Banking 2026 Mid-Year Venture Healthcare Report,https://www.hsbcinnovationbanking.com/us/en/resources/2026-1h-venture-healthcare-report,
BIO_VC_USD_HSBC_FY,2024,2024-12-31,27,USD_bn,,HSBC Innovation Banking 2026 Mid-Year Venture Healthcare Report,https://www.hsbcinnovationbanking.com/us/en/resources/2026-1h-venture-healthcare-report,Same statement as the 2025 row.
BIO_VC_USD_HSBC_FY,2025,2025-12-31,27,USD_bn,,HSBC Innovation Banking 2026 Mid-Year Venture Healthcare Report,https://www.hsbcinnovationbanking.com/us/en/resources/2026-1h-venture-healthcare-report,Stated as '$27bn recorded in each of 2024 and 2025'.
BIO_VC_USD_HSBC_H,2026-H1,2026-06-30,16,USD_bn,,HSBC Innovation Banking 2026 Mid-Year Venture Healthcare Report,https://www.hsbcinnovationbanking.com/us/en/resources/2026-1h-venture-healthcare-report,"Private biopharma venture investment, HSBC (ex-SVB) method. Geography per HSBC; the SVB series historically covered US + Europe, so confirm. HSBC says the annualized pace would exceed the $27bn recorded in each of 2024 and 2025. VCs described as 'risk-on' and taking more early-stage risk."
BIO_VC_USD_HSBC_HC_FCST,2026,2026-12-31,,USD_bn,forecast $65-70bn,HSBC Innovation Banking 2026 Mid-Year Venture Healthcare Report,https://www.hsbcinnovationbanking.com/us/en/resources/2026-1h-venture-healthcare-report,"FORECAST for all healthcare venture, not an actual."
BIO_VC_USD_HSBC_HC_FY,2024,2024-12-31,45.4,USD_bn,,HSBC Venture Healthcare Report 2025 Annual,https://www.hsbcinnovationbanking.com/us/en/resources/2025-annual-venture-healthcare-report,All healthcare venture.
BIO_VC_USD_HSBC_HC_FY,2025,2025-12-31,60,USD_bn,,HSBC Venture Healthcare Report 2025 Annual,https://www.hsbcinnovationbanking.com/us/en/resources/2025-annual-venture-healthcare-report,"ALL healthcare venture (biopharma + devices + Dx/tools + health tech). 2,167 deals. Strongest year since 2022. Medical devices a record $10.4bn."
BIO_VC_USD_PITCHBOOK,2023-Q3,2023-09-30,7.8,USD_bn,,BioSpace (citing PitchBook),https://www.biospace.com/biopharma-vc-funding-dropped-21-percent-in-q4-2023-pitchbook,Prior-quarter comparison in Q4 2023 coverage.
BIO_VC_USD_PITCHBOOK,2023-Q4,2023-12-31,6.3,USD_bn,,BioSpace (citing PitchBook),https://www.biospace.com/biopharma-vc-funding-dropped-21-percent-in-q4-2023-pitchbook,-19% QoQ.
BIO_VC_USD_PITCHBOOK,2024-Q1,2024-03-31,7.4,USD_bn,,Fierce Biotech (citing PitchBook),https://www.fiercebiotech.com/biotech/biopharma-funding-levels-new-normal-until-federal-interest-rates-change-pitchbook,Described as a 'new normal' under high rates. Attribution to this URL probable.
BIO_VC_USD_PITCHBOOK,2024-Q2,2024-06-30,5.8,USD_bn,,Fierce Biotech (citing PitchBook),https://www.fiercebiotech.com/biotech/amid-broader-uncertainty-biopharma-market-may-have-reached-new-norm-pitchbook,Prior-quarter comparison in Q3 2024 coverage.
BIO_VC_USD_PITCHBOOK,2024-Q3,2024-09-30,7.2,USD_bn,,Fierce Biotech (citing PitchBook),https://www.fiercebiotech.com/biotech/amid-broader-uncertainty-biopharma-market-may-have-reached-new-norm-pitchbook,Megarounds drove the increase. Exits $9.7bn across 23 deals vs $5bn across 14 in Q2.
BIO_VC_USD_PITCHBOOK,2025-Q1,2025-03-31,7.4,USD_bn,,PitchBook Q1 2025 Biopharma Modalities VC Trends,https://pitchbook.com/news/reports/q1-2025-biopharma-modalities-vc-trends,From PitchBook's Modalities report (taxonomy may differ from Biopharma VC Trends). TTM $31.5bn (+20.6% YoY).
BIO_VC_USD_PITCHBOOK,2025-Q2,2025-06-30,5.4,USD_bn,,PitchBook Q2 2025 Biopharma VC Trends,https://pitchbook.com/news/reports/q2-2025-biopharma-vc-trends,Value and deal count both multiyear lows when reported.
BIO_VC_USD_PITCHBOOK,2025-Q3,2025-09-30,6.8,USD_bn,,PitchBook Q3 2025 Biopharma VC Trends,https://pitchbook.com/news/reports/q3-2025-biopharma-vc-trends,'Muted' quarter. Record-low 14% of deals at seed stage.
BIO_VC_USD_PITCHBOOK,2025-Q4,2025-12-31,10.1,USD_bn,,PitchBook Q1 2026 Biopharma VC Trends,https://pitchbook.com/news/reports/q1-2026-biopharma-vc-trends,Prior-quarter comparison cited in the Q1 2026 report.
BIO_VC_USD_PITCHBOOK,2026-Q1,2026-03-31,7.2,USD_bn,,PitchBook Q1 2026 Biopharma VC Trends,https://pitchbook.com/news/reports/q1-2026-biopharma-vc-trends,Down from $10.1bn in Q4 2025. Later-stage $4.5bn over 51 deals (highest Q1 in recent years). Cell & gene therapy deal value -22.5% YoY.
BIO_VC_USD_PITCHBOOK,2026-Q2,2026-06-30,10,USD_bn,topped $10bn (floor; exact figure not in summary),PitchBook Q2 2026 Biopharma Report,https://pitchbook.com/news/reports/q2-2026-biopharma-report-funding-tops-10-billion-with-record-exits,PRIMARY VC SERIES. PitchBook biopharma VC deal value as first reported. Only the 3rd quarter above $10bn since early 2022. Isomorphic Labs $2.1bn Series B = ~20% of total. Early-stage share of deal value tracking toward record low. Report language references US biopharma but US-only scope not confirmed.
BIO_VC_USD_PITCHBOOK_FY,2020,2020-12-31,28.2,USD_bn,prior record year,PitchBook,https://pitchbook.com/news/articles/pharma-biotech-vc-startup-funding-slows,Same caveat as the 2021 row.
BIO_VC_USD_PITCHBOOK_FY,2021,2021-12-31,38,USD_bn,record,PitchBook,https://pitchbook.com/news/articles/pharma-biotech-vc-startup-funding-slows,"Summary wording: 'record VC fundraising... $38bn' per PitchBook data. Attribution to this URL probable. Confirm this is deal value, not fund-raising."
BIO_VC_USD_PITCHBOOK_FY,2022,2022-12-31,36.7,USD_bn,,BioSpace (citing PitchBook),https://www.biospace.com/biopharma-funding-deals-fall-sharply-in-2023-in-strategic-shift-in-investment-pitchbook,Given as the prior-year comparison to 2023. Another summary gave $36.9bn for 2022 (source not identifiable); treat as a revision range.
BIO_VC_USD_PITCHBOOK_FY,2023,2023-12-31,29.9,USD_bn,,Fierce Biotech (citing PitchBook),https://www.fiercebiotech.com/biotech/biopharma-vc-slips-last-years-q4-and-where-investors-are-likely-place-future-bets-pitchbook,Described as a 'pivotal recalibration'.
BIO_VC_USD_PITCHBOOK_FY,2024,2024-12-31,31.9,USD_bn,,BioSpace (citing PitchBook),https://www.biospace.com/business/early-stage-biotechs-suffer-in-2025-as-vc-shuns-risk-pitchbook,Attribution to this URL probable. A separate summary of PitchBook's Q4 2024 Modalities report cites '$32.1bn (+20%)' with an unclear period; not recorded as a row.
BIO_VC_USD_PITCHBOOK_FY,2025,2025-12-31,33.8,USD_bn,,PitchBook Q4 2025 Biopharma VC Trends,https://pitchbook.com/news/reports/q4-2025-biopharma-vc-trends,Second straight annual rise. First-reported quarters do not sum to this total because of revisions.
BIO_VC_USD_SYNBIOBETA,2026-Q2,2026-06-30,34.3,USD_bn,best quarter in almost two years; 4th straight quarter of growth,SynBioBeta,https://www.synbiobeta.com/read/quarterly-biotech-funding-continues-upward-in-q2-of-2026-trend-with-4th-straight-quarter-of-growth,"LOW CONFIDENCE. Broad 'biotech' funding, likely global and possibly including non-venture or non-therapeutics money. Attribution inferred from the result list. NOT comparable to the biopharma VC series."
BIO_XBI_LEVEL,2026-09-22,2026-09-22,161.87,price_usd,close; +2.30% (+$3.64) on the day,StockAnalysis,https://stockanalysis.com/etf/xbi/,Attribution probable. Near its 52-week high.
BIO_XBI_REF_LEVEL,2021-HIGH,2021-12-31,174.79,price_usd,2021 high (reference level being approached),StockAnalysis / Yahoo (attribution unverified),https://stockanalysis.com/etf/xbi/,"The date within 2021 was not given, so period_end is a placeholder."
BIO_XBI_REF_LEVEL,52W-HIGH-to-2026-09-22,2026-09-22,165.71,price_usd,52-week high,StockAnalysis,https://stockanalysis.com/etf/xbi/,
BIO_XBI_REF_LEVEL,52W-LOW-to-2026-09-22,2026-09-22,84.39,price_usd,52-week low,StockAnalysis,https://stockanalysis.com/etf/xbi/,
BIO_XBI_RETURN_FY,2019,2019-12-31,32.56,pct,,FinanceCharts (XBI total return),https://www.financecharts.com/etfs/XBI/performance/total-return,"Calendar-year total return. The 2019-2025 figures came from one summary drawing on FinanceCharts, YCharts and KoalaGains pages; verify against SSGA."
BIO_XBI_RETURN_FY,2020,2020-12-31,48.33,pct,,FinanceCharts (XBI total return),https://www.financecharts.com/etfs/XBI/performance/total-return,
BIO_XBI_RETURN_FY,2021,2021-12-31,-20.45,pct,,FinanceCharts (XBI total return),https://www.financecharts.com/etfs/XBI/performance/total-return,
BIO_XBI_RETURN_FY,2022,2022-12-31,-25.87,pct,,FinanceCharts (XBI total return),https://www.financecharts.com/etfs/XBI/performance/total-return,
BIO_XBI_RETURN_FY,2023,2023-12-31,7.60,pct,,FinanceCharts (XBI total return),https://www.financecharts.com/etfs/XBI/performance/total-return,
BIO_XBI_RETURN_FY,2024,2024-12-31,1.01,pct,,FinanceCharts (XBI total return),https://www.financecharts.com/etfs/XBI/performance/total-return,
BIO_XBI_RETURN_FY,2025,2025-12-31,35.89,pct,,FinanceCharts (XBI total return),https://www.financecharts.com/etfs/XBI/performance/total-return,
BIO_XBI_RETURN_TTM,TTM-2026-04,2026-04-02,40.80,pct,trailing 1-yr return (category average 19.35%),24/7 Wall St.,https://247wallst.com/investing/2026/04/07/xbi-vs-ibb-the-biotech-etf-showdown-that-analysts-say-has-a-clear-winner-in-2026/,
BIO_XBI_RETURN_TTM,TTM-2026-09,2026-09-22,83.00,pct,12-month price change,StockAnalysis,https://stockanalysis.com/etf/xbi/,Attribution probable. Results also included Yahoo and Investing.com.
BIO_XBI_RETURN_YTD,2026-YTD-Mar,2026-03-05,1.62,pct,YTD daily total return as of 2026-03-05,YCharts,https://ycharts.com/companies/XBI,Early-2026 snapshot only. September 2026 YTD not captured.
CRO_COMMENTARY,2025-Q4,2025-12-31,,text,Q4 bookings led by small/mid biotech after funding constraints eased; global biopharma bookings also up; return to DSA revenue growth expected in 2H26,Charles River Q4 2025 earnings release (IR),https://ir.criver.com/news-releases/news-release-details/charles-river-laboratories-announces-fourth-quarter-and-full-14,Released 2026-02-18
CRO_COMMENTARY,2026-Q1,2026-03-31,,text,Proposal volumes up high single digits y/y in both global biopharma and biotech; proposals up sequentially three quarters running; bookings led by small/mid biotech,Charles River Q1 2026 earnings call transcript (Motley Fool),https://www.fool.com/earnings/call-transcripts/2026/05/07/charles-river-crl-q1-2026-earnings-transcript/,Call 2026-05-07; cancellation data not surfaced
CRO_COMMENTARY,2026-Q2,2026-06-30,,text,"Broad-based bookings improvement across global biopharma and small/mid biotech; another strong rise in proposals; management 'cautiously optimistic', citing stronger biotech funding; recovery expected to be gradual",Charles River Q2 2026 earnings call transcript (Motley Fool),https://www.fool.com/earnings/call-transcripts/2026/08/12/charles-river-laboratories-crl-q2-2026-earnings-call-transcript/,Call 2026-08-05
CRO_COMMENTARY,2026-09-14,2026-09-14,,text,Morgan Stanley conf: DSA showing clearest improvement; RMS mixed; Manufacturing high-margin; 'inflection point' with better financial performance starting 2H26,Investing.com (CRL at Morgan Stanley conference),https://www.investing.com/news/transcripts/charles-river-laboratories-at-morgan-stanley-conference-growth-inflection-seen-93CH-4899952,Aggregator summary of the conference transcript
CRO_CRL_DSA_BACKLOG,2021-Q1,2021-03-27,,USD_bn,Backlog up more than 75% y/y and more than 15% since year-end 2020,Charles River Q1 2021 earnings release (IR),https://ir.criver.com/news-releases/news-release-details/charles-river-laboratories-announces-first-quarter-2021-results,Dollar amount not stated; period_end is approximate fiscal quarter end
CRO_CRL_DSA_BACKLOG,2021-Q4,2021-12-25,2.4,USD_bn,,Charles River Form 10-K FY2021 (SEC),https://www.sec.gov/Archives/edgar/data/1100682/000110068222000007/crl-20211225.htm,"'Approximately $2.4B as of Dec 25 2021' per the search summary of the 10-K; low confidence, check against the filing"
CRO_CRL_DSA_BACKLOG,2022-Q4,2022-12-31,3.15,USD_bn,,Zacks via Yahoo Finance (CRL Gains From CRADL Amid Soft Market),https://finance.yahoo.com/news/charles-river-crl-gains-cradl-154000214.html,Year-end 2022 peak; another summary citing the FY2023 10-K gives ~$3.1B
CRO_CRL_DSA_BACKLOG,2023-Q3,2023-09-30,2.6,USD_bn,,Zacks via Yahoo Finance (CRL Gains From CRADL Amid Soft Market),https://finance.yahoo.com/news/charles-river-crl-gains-cradl-154000214.html,Given as the prior-quarter comparison for Q4 2023
CRO_CRL_DSA_BACKLOG,2023-Q4,2023-12-30,2.45,USD_bn,,Zacks via Yahoo Finance (CRL Gains From CRADL Amid Soft Market),https://finance.yahoo.com/news/charles-river-crl-gains-cradl-154000214.html,"Aggregator restating the Q4 2023 call; FY2023 10-K says ~$2.5B as of Dec 30 2023 (https://www.sec.gov/Archives/edgar/data/1100682/000110068224000007/crl-20231230.htm), rounding difference"
CRO_CRL_DSA_BACKLOG,2024-Q1,2024-03-31,2.35,USD_bn,,Charles River Q1 2024 call transcript (Yahoo Finance),https://finance.yahoo.com/news/charles-river-laboratories-international-inc-200621197.html,Down from 2.45 at year-end 2023
CRO_CRL_DSA_BACKLOG,2024-Q2,2024-06-30,2.16,USD_bn,,Charles River Q3 2024 call transcript (Insider Monkey),https://www.insidermonkey.com/blog/charles-river-laboratories-international-inc-nysecrl-q3-2024-earnings-call-transcript-1387498/,Given as the prior-quarter comparison on the Q3 2024 call
CRO_CRL_DSA_BACKLOG,2024-Q3,2024-09-30,2.12,USD_bn,,Charles River Q3 2024 call transcript (Insider Monkey),https://www.insidermonkey.com/blog/charles-river-laboratories-international-inc-nysecrl-q3-2024-earnings-call-transcript-1387498/,Down from 2.16 at end of Q2 2024
CRO_CRL_DSA_BACKLOG,2024-Q4,2024-12-31,1.97,USD_bn,,Charles River 4Q 2024 results & 2025 guidance slides (IR),https://ir.criver.com/static-files/47caeefb-ce8c-4004-af56-b6366e812bc1,Down from 2.12 at end of Q3 2024
CRO_CRL_DSA_BACKLOG,2025-Q1,2025-03-31,1.99,USD_bn,,Charles River Q2 2025 earnings summary (VectorShift),https://vectorshift.ai/research/companies/charles-river-laboratories-international/earnings/2025-q2-summary,Given as the prior-quarter comparison in Q2 2025 commentary
CRO_CRL_DSA_BACKLOG,2025-Q2,2025-06-30,1.93,USD_bn,,Charles River Q2 2025 earnings summary (VectorShift),https://vectorshift.ai/research/companies/charles-river-laboratories-international/earnings/2025-q2-summary,Down slightly from 1.99
CRO_CRL_DSA_BACKLOG,2025-Q3,2025-09-30,1.80,USD_bn,,Charles River Q3 2025 earnings call transcript (Motley Fool),https://www.fool.com/earnings/call-transcripts/2025/11/06/charles-river-crl-q3-2025-earnings-transcript/,Stated as $1.8B (down from $1.93B at end of June); Q4 2025 materials cite $1.80B
CRO_CRL_DSA_BACKLOG,2025-Q4,2025-12-31,1.86,USD_bn,,Charles River Q4 2025 call highlights (Yahoo Finance/GuruFocus),https://finance.yahoo.com/news/charles-river-laboratories-international-inc-210640452.html,Up from 1.80 at end of Q3 2025
CRO_CRL_DSA_BACKLOG,2026-Q1,2026-03-31,1.92,USD_bn,,Charles River Q1 2026 earnings call transcript (Motley Fool),https://www.fool.com/earnings/call-transcripts/2026/05/07/charles-river-crl-q1-2026-earnings-transcript/,Slight sequential increase
CRO_CRL_DSA_BACKLOG,2026-Q2,2026-06-30,1.97,USD_bn,,Charles River Q2 2026 earnings release (8-K),https://www.sec.gov/Archives/edgar/data/0001100682/000110068226000115/crl2q26earningsrelease.htm,Up from 1.92 in Q1 2026
CRO_CRL_DSA_BTB,2024-Q1,2024-03-31,,ratio,Below 1x but improved slightly on lower cancellations; gross bookings stable above 1x,Charles River Q1 2024 call transcript (Yahoo Finance),https://finance.yahoo.com/news/charles-river-laboratories-international-inc-200621197.html,Exact ratio not found
CRO_CRL_DSA_BTB,2024-Q3,2024-09-30,,ratio,Below 1x; net book-to-bill and cancellation rate improved,Charles River Q3 2024 call transcript (Insider Monkey),https://www.insidermonkey.com/blog/charles-river-laboratories-international-inc-nysecrl-q3-2024-earnings-call-transcript-1387498/,Exact ratio not found
CRO_CRL_DSA_BTB,2024-Q4,2024-12-31,,ratio,Below 1x; stable vs Q3 2024; global biopharma and small/mid biotech in similar range,Charles River Q4 2024 call highlights (Yahoo Finance),https://finance.yahoo.com/news/charles-river-laboratories-international-inc-070457319.html,Exact ratio not found
CRO_CRL_DSA_BTB,2025-Q1,2025-03-31,1.04,ratio,,Charles River Q1 2025 call highlights (Yahoo Finance),https://finance.yahoo.com/news/charles-river-laboratories-international-inc-071840000.html,First time above 1x since 2H 2022; stronger large-pharma bookings and fewer cancellations
CRO_CRL_DSA_BTB,2025-Q2,2025-06-30,0.82,ratio,,Charles River Q2 2025 earnings call transcript (Investing.com),https://www.investing.com/news/transcripts/earnings-call-transcript-charles-river-labs-q2-2025-beats-eps-forecasts-93CH-4198968,"Cancellations up in both client segments to 2024-like levels, concentrated in longer-term post-IND work; 1H25 BTB highest since 2022"
CRO_CRL_DSA_BTB,2025-Q3,2025-09-30,0.82,ratio,,Charles River Q3 2025 earnings call transcript (Motley Fool),https://www.fool.com/earnings/call-transcripts/2025/11/06/charles-river-crl-q3-2025-earnings-transcript/,Same as Q2 2025; cancellations down across client base
CRO_CRL_DSA_BTB,2025-Q4,2025-12-31,1.12,ratio,,Charles River Q4 2025 call highlights (Yahoo Finance/GuruFocus),https://finance.yahoo.com/news/charles-river-laboratories-international-inc-210640452.html,Preliminary ~1.1x given Jan 2026 (panabee.com: 'Charles River DSA Demand Improves with 1.1x Q4 Book-to-Bill'); improvement led by small/mid biotech
CRO_CRL_DSA_BTB,2026-Q1,2026-03-31,1.04,ratio,,Charles River Q1 2026 earnings call transcript (Motley Fool),https://www.fool.com/earnings/call-transcripts/2026/05/07/charles-river-crl-q1-2026-earnings-transcript/,
CRO_CRL_DSA_BTB,2026-Q2,2026-06-30,1.19,ratio,,Charles River Q2 2026 earnings release (8-K),https://www.sec.gov/Archives/edgar/data/0001100682/000110068226000115/crl2q26earningsrelease.htm,Third straight quarter above 1x; highest in nearly 4 years; also in Q2 2026 call transcript
CRO_CRL_DSA_NET_BOOKINGS,2025-Q1,2025-03-31,616,USD_mn,,Charles River Q1 2025 call highlights (Yahoo Finance),https://finance.yahoo.com/news/charles-river-laboratories-international-inc-071840000.html,Up more than 20% y/y and sequentially
CRO_CRL_DSA_NET_BOOKINGS,2025-Q2,2025-06-30,506,USD_mn,,Charles River Q2 2025 earnings call transcript (Investing.com),https://www.investing.com/news/transcripts/earnings-call-transcript-charles-river-labs-q2-2025-beats-eps-forecasts-93CH-4198968,
CRO_CRL_DSA_NET_BOOKINGS,2025-Q3,2025-09-30,494,USD_mn,,Charles River Q3 2025 earnings call transcript (Investing.com),https://www.investing.com/news/transcripts/earnings-call-transcript-charles-river-labs-q3-2025-beats-earnings-stock-falls-93CH-4334516,Down slightly from Q2 2025
CRO_CRL_DSA_NET_BOOKINGS,2025-Q4,2025-12-31,665,USD_mn,,Charles River Q4 2025 call highlights (Yahoo Finance/GuruFocus),https://finance.yahoo.com/news/charles-river-laboratories-international-inc-210640452.html,
CRO_CRL_DSA_NET_BOOKINGS,2026-Q1,2026-03-31,622,USD_mn,,Charles River Q1 2026 earnings call transcript (Motley Fool),https://www.fool.com/earnings/call-transcripts/2026/05/07/charles-river-crl-q1-2026-earnings-transcript/,Driven by small/mid biotech
CRO_CRL_DSA_NET_BOOKINGS,2026-Q2,2026-06-30,701,USD_mn,,Charles River Q2 2026 earnings call transcript (Motley Fool),https://www.fool.com/earnings/call-transcripts/2026/08/12/charles-river-laboratories-crl-q2-2026-earnings-call-transcript/,Up 12.6% sequentially; broad-based across global biopharma and small/mid biotech
CRO_CRL_DSA_ORGANIC,2021-Q1,2021-03-27,11.6,pct,,Charles River Q1 2021 earnings release (IR),https://ir.criver.com/news-releases/news-release-details/charles-river-laboratories-announces-first-quarter-2021-results,period_end approximate
CRO_CRL_DSA_ORGANIC,2021-Q2,2021-06-26,18.1,pct,,Charles River Q2 2021 earnings release (IR),https://ir.criver.com/news-releases/news-release-details/charles-river-laboratories-announces-second-quarter-2021-results,Includes small benefit from easy COVID-19 comparison; period_end approximate
CRO_CRL_DSA_ORGANIC,2021-Q3,2021-09-25,13.0,pct,,Charles River Q3 2021 earnings release (Business Wire),https://www.businesswire.com/news/home/20211103005133/en/Charles-River-Laboratories-Announces-Third-Quarter-2021-Results,Biotech clients the main driver; period_end approximate
CRO_CRL_DSA_ORGANIC,2021-Q4,2021-12-25,6.7,pct,,Charles River Q4 2021 earnings release (IR),https://ir.criver.com/news-releases/news-release-details/charles-river-laboratories-announces-fourth-quarter-and-full-10,Fiscal quarter end
CRO_CRL_DSA_ORGANIC,2022-Q1,2022-03-26,9.5,pct,,Charles River Q1 2022 earnings release (IR),https://ir.criver.com/news-releases/news-release-details/charles-river-laboratories-announces-first-quarter-2022-results/,period_end approximate (fiscal quarter)
CRO_CRL_DSA_ORGANIC,2022-Q3,2022-09-30,20.8,pct,,Charles River Q3 2022 earnings release (Business Wire),https://www.businesswire.com/news/home/20221101006331/en/Charles-River-Laboratories-Announces-Third-Quarter-2022-Results,Price increases plus higher study volume
CRO_CRL_DSA_ORGANIC,2023-Q1,2023-03-31,23.6,pct,,Charles River Q1 2023 earnings release (IR),https://ir.criver.com/news-releases/news-release-details/charles-river-laboratories-announces-first-quarter-2023-results,"Summary says '23.6% driven principally by Safety Assessment', which reads as the DSA segment line; confirm it is not consolidated"
CRO_CRL_DSA_ORGANIC,2023-Q2,2023-06-30,11.7,pct,,Charles River Q2 2023 earnings release (Business Wire),https://www.businesswire.com/news/home/20230809025737/en/Charles-River-Laboratories-Announces-Second-Quarter-2023-Results,Higher pricing and study volume
CRO_CRL_DSA_ORGANIC,2023-Q3,2023-09-30,5.3,pct,,Charles River Q3 2023 earnings release (IR),https://ir.criver.com/news-releases/news-release-details/charles-river-laboratories-announces-third-quarter-2023-results,Safety Assessment-driven
CRO_CRL_DSA_ORGANIC,2024-Q1,2024-03-31,-8.7,pct,,Charles River Q1 2024 earnings release (8-K),https://www.sec.gov/Archives/edgar/data/1100682/000110068224000014/crl1q24earningsrelease.htm,
CRO_CRL_DSA_ORGANIC,2024-Q2,2024-06-30,-5.0,pct,,Charles River Q2 2024 earnings release (8-K),https://www.sec.gov/Archives/edgar/data/1100682/000110068224000025/crl2q24earningsrelease.htm,
CRO_CRL_DSA_ORGANIC,2024-Q3,2024-09-30,-7.4,pct,,Charles River Q3 2024 earnings release (8-K),https://www.sec.gov/Archives/edgar/data/1100682/000110068224000033/crl3q24earningsrelease.htm,
CRO_CRL_DSA_ORGANIC,2024-Q4,2024-12-31,-3.5,pct,,Charles River Q4 2024 earnings release (IR),https://ir.criver.com/news-releases/news-release-details/charles-river-laboratories-announces-fourth-quarter-and-full-13,
CRO_CRL_DSA_ORGANIC,2025-Q1,2025-03-31,-1.4,pct,,Charles River Q1 2025 earnings release (8-K),https://www.sec.gov/Archives/edgar/data/1100682/000110068225000019/crl1q25earningsrelease.htm,
CRO_CRL_DSA_ORGANIC,2025-Q2,2025-06-30,-2.4,pct,,Charles River Q2 2025 earnings summary (VectorShift),https://vectorshift.ai/research/companies/charles-river-laboratories-international/earnings/2025-q2-summary,Aggregator; primary release not surfaced in the search results
CRO_CRL_DSA_ORGANIC,2025-Q3,2025-09-30,-3.1,pct,,Charles River Q3 2025 earnings release (8-K),https://www.sec.gov/Archives/edgar/data/1100682/000110068225000041/crl3q25earningsrelease.htm,
CRO_CRL_DSA_ORGANIC,2025-Q4,2025-12-31,-3.3,pct,,Charles River Q4 2025 earnings release (8-K),https://www.sec.gov/Archives/edgar/data/1100682/000110068226000020/crl4q25earningsrelease.htm,Lower discovery and regulated safety assessment volume
CRO_CRL_DSA_ORGANIC,2026-Q1,2026-03-31,-1.4,pct,,Charles River Q1 2026 earnings release (IR),https://ir.criver.com/news-releases/news-release-details/charles-river-laboratories-announces-first-quarter-2026-results,Lower discovery revenue partly from site consolidation
CRO_CRL_DSA_ORGANIC,2026-Q2,2026-06-30,0.2,pct,,Charles River Q2 2026 earnings release (8-K),https://www.sec.gov/Archives/edgar/data/0001100682/000110068226000115/crl2q26earningsrelease.htm,Higher regulated safety assessment study volume
CRO_CRL_DSA_ORGANIC_FY,2025,2025-12-31,-2.6,pct,,StocksFoundry (Q4 2025/2026 guidance article),https://www.stocksfoundry.com/articles/charles-river-laboratories-guides-to-subdued-2026-as-dsa-recovery-pushes-to-second-half-20260218,Full-year fiscal 2025 DSA organic
CRO_CRL_GUIDANCE,2026,2026-12-31,0.5,pct,Organic revenue growth 0.0% to 1.0% (latest; raised 2026-08-05); DSA raised to low-single-digit organic growth; Manufacturing low-to-mid single digit,Charles River Q2 2026 earnings release (8-K),https://www.sec.gov/Archives/edgar/data/0001100682/000110068226000115/crl2q26earningsrelease.htm,Midpoint up 150bp; non-GAAP EPS guidance up $0.25 at midpoint
CRO_CRL_GUIDANCE,2026,2026-12-31,-1.0,pct,Organic revenue -1.5% to -0.5% (prior outlook before 2026-08-05),Charles River Q2 2026 earnings release (8-K),https://www.sec.gov/Archives/edgar/data/0001100682/000110068226000115/crl2q26earningsrelease.htm,Superseded. Feb-2026 DSA outlook was 'slightly positive to low-single-digit decline' (stocksfoundry.com); exact Feb-18 consolidated range not clearly surfaced
CRO_CRL_GUIDANCE,2026,2026-12-31,,pct,Jan-2026 preliminary: top end of 2026 organic growth ranges at least flat for consolidated and DSA; return to growth in 2H26,Charles River 8-K business update (Jan 13 2026),https://www.sec.gov/Archives/edgar/data/1100682/000162828026001905/crl-20260113.htm,Superseded
CRO_CRL_RMS_ORGANIC,2022-Q1,2022-03-26,8.7,pct,,Charles River Q1 2022 earnings release (IR),https://ir.criver.com/news-releases/news-release-details/charles-river-laboratories-announces-first-quarter-2022-results/,Extra history; period_end approximate
CRO_CRL_RMS_ORGANIC,2024-Q1,2024-03-31,3.3,pct,,Charles River Q1 2024 earnings release (8-K),https://www.sec.gov/Archives/edgar/data/1100682/000110068224000014/crl1q24earningsrelease.htm,Noveprim added 7.6pt to reported
CRO_CRL_RMS_ORGANIC,2024-Q2,2024-06-30,-3.9,pct,,Charles River Q2 2024 earnings release (8-K),https://www.sec.gov/Archives/edgar/data/1100682/000110068224000025/crl2q24earningsrelease.htm,Lower China NHP revenue
CRO_CRL_RMS_ORGANIC,2024-Q3,2024-09-30,0.6,pct,,Charles River Q3 2024 earnings release (8-K),https://www.sec.gov/Archives/edgar/data/1100682/000110068224000033/crl3q24earningsrelease.htm,Small-model pricing; Noveprim added 4.9pt to reported
CRO_CRL_RMS_ORGANIC,2024-Q4,2024-12-31,-0.4,pct,,Charles River Q4 2024 earnings release (IR),https://ir.criver.com/news-releases/news-release-details/charles-river-laboratories-announces-fourth-quarter-and-full-13,Reported +4.3% including acquisition; lower services/Cell Solutions/China NHP
CRO_CRL_RMS_ORGANIC,2025-Q1,2025-03-31,-2.5,pct,,Charles River Q1 2025 earnings release (8-K),https://www.sec.gov/Archives/edgar/data/1100682/000110068225000019/crl1q25earningsrelease.htm,
CRO_CRL_RMS_ORGANIC,2025-Q2,2025-06-30,2.3,pct,,Charles River Q2 2025 earnings release (8-K),https://www.sec.gov/Archives/edgar/data/1100682/000110068225000032/crl2q25earningsrelease.htm,Large models plus GEMS/Insourcing services
CRO_CRL_RMS_ORGANIC,2025-Q3,2025-09-30,6.5,pct,,Charles River Q3 2025 earnings release (8-K),https://www.sec.gov/Archives/edgar/data/1100682/000110068225000041/crl3q25earningsrelease.htm,Large research model (NHP-type) products
CRO_CRL_RMS_ORGANIC,2025-Q4,2025-12-31,-0.9,pct,,Charles River Q4 2025 earnings release (8-K),https://www.sec.gov/Archives/edgar/data/1100682/000110068226000020/crl4q25earningsrelease.htm,Lower large models and North America small models; offset by services/China/Europe small models
CRO_CRL_RMS_ORGANIC,2026-Q1,2026-03-31,-5.5,pct,,Charles River Q1 2026 earnings release (IR),https://ir.criver.com/news-releases/news-release-details/charles-river-laboratories-announces-first-quarter-2026-results,Lower North America small models and large models
CRO_CRL_RMS_ORGANIC,2026-Q2,2026-06-30,-1.4,pct,,Charles River Q2 2026 earnings release (8-K),https://www.sec.gov/Archives/edgar/data/0001100682/000110068226000115/crl2q26earningsrelease.htm,Lower North America small research models and model services
CRO_CRL_TOTAL_ORGANIC,2021-Q1,2021-03-27,13.0,pct,,Charles River Q1 2021 earnings release (Europ. Pharma Review / IR),https://ir.criver.com/news-releases/news-release-details/charles-river-laboratories-announces-first-quarter-2021-results,period_end approximate
CRO_CRL_TOTAL_ORGANIC,2021-Q2,2021-06-26,24.1,pct,,Charles River Q2 2021 earnings release (IR),https://ir.criver.com/news-releases/news-release-details/charles-river-laboratories-announces-second-quarter-2021-results,period_end approximate
CRO_CRL_TOTAL_ORGANIC,2021-Q4,2021-12-25,10.5,pct,,Charles River Q4 2021 earnings release (IR),https://ir.criver.com/news-releases/news-release-details/charles-river-laboratories-announces-fourth-quarter-and-full-10,COVID-19 comparison added 0.5pt
CRO_CRL_TOTAL_ORGANIC,2022-Q1,2022-03-26,9.4,pct,,Charles River Q1 2022 earnings release (IR),https://ir.criver.com/news-releases/news-release-details/charles-river-laboratories-announces-first-quarter-2022-results/,period_end approximate
CRO_CRL_TOTAL_ORGANIC,2023-Q2,2023-06-30,11.2,pct,,Charles River Q2 2023 earnings release (Business Wire),https://www.businesswire.com/news/home/20230809025737/en/Charles-River-Laboratories-Announces-Second-Quarter-2023-Results,
CRO_CRL_TOTAL_ORGANIC,2024-Q1,2024-03-31,-3.3,pct,,Charles River Q1 2024 earnings release (8-K),https://www.sec.gov/Archives/edgar/data/1100682/000110068224000014/crl1q24earningsrelease.htm,
CRO_CRL_TOTAL_ORGANIC,2024-Q2,2024-06-30,-3.2,pct,,Charles River Q2 2024 earnings release (8-K),https://www.sec.gov/Archives/edgar/data/1100682/000110068224000025/crl2q24earningsrelease.htm,
CRO_CRL_TOTAL_ORGANIC,2024-Q3,2024-09-30,-2.7,pct,,Charles River Q3 2024 earnings release (8-K),https://www.sec.gov/Archives/edgar/data/1100682/000110068224000033/crl3q24earningsrelease.htm,
CRO_CRL_TOTAL_ORGANIC,2024-Q4,2024-12-31,-1.8,pct,,Charles River Q4 2024 earnings release (IR),https://ir.criver.com/news-releases/news-release-details/charles-river-laboratories-announces-fourth-quarter-and-full-13,
CRO_CRL_TOTAL_ORGANIC,2025-Q1,2025-03-31,-1.8,pct,,Charles River Q1 2025 earnings release (8-K),https://www.sec.gov/Archives/edgar/data/1100682/000110068225000019/crl1q25earningsrelease.htm,All three segments declined
CRO_CRL_TOTAL_ORGANIC,2025-Q2,2025-06-30,-0.5,pct,,Charles River Q2 2025 earnings summary (VectorShift),https://vectorshift.ai/research/companies/charles-river-laboratories-international/earnings/2025-q2-summary,Aggregator
CRO_CRL_TOTAL_ORGANIC,2025-Q3,2025-09-30,-1.6,pct,,Charles River Q3 2025 earnings release (8-K),https://www.sec.gov/Archives/edgar/data/1100682/000110068225000041/crl3q25earningsrelease.htm,
CRO_CRL_TOTAL_ORGANIC,2025-Q4,2025-12-31,-2.6,pct,,Charles River Q4 2025 call highlights (Yahoo Finance/GuruFocus),https://finance.yahoo.com/news/charles-river-laboratories-international-inc-210640452.html,
CRO_CRL_TOTAL_ORGANIC,2026-Q1,2026-03-31,-1.5,pct,,Charles River Q1 2026 earnings release (IR),https://ir.criver.com/news-releases/news-release-details/charles-river-laboratories-announces-first-quarter-2026-results,
CRO_CRL_TOTAL_ORGANIC,2026-Q2,2026-06-30,0.1,pct,,Charles River Q2 2026 earnings release (8-K),https://www.sec.gov/Archives/edgar/data/0001100682/000110068226000115/crl2q26earningsrelease.htm,First positive organic growth after a multi-quarter decline; highest since Q3 2023
CRO_CRL_TOTAL_ORGANIC_FY,2025,2025-12-31,-1.6,pct,,Charles River Q4 2025 call highlights (Yahoo Finance/GuruFocus),https://finance.yahoo.com/news/charles-river-laboratories-international-inc-210640452.html,Full-year fiscal 2025; revenue $4.02B
TOOLS_A_ACADGOV,FY2025-Q1,2025-01-31,-7,pct,Academia & government declined 7%; soft globally (GC; GC-MS; remarketed instruments weak),Yahoo Finance Agilent Q1 FY2025 call highlights,https://finance.yahoo.com/news/agilent-technologies-inc-q1-2025-072047608.html,Global end market; core
TOOLS_A_ACADGOV,FY2025-Q2,2025-04-30,-2,pct,Declined modestly (-2%); strong Asia moderated expected US softness,Investing.com Agilent Q2 FY2025 transcript,https://www.investing.com/news/transcripts/earnings-call-transcript-agilent-technologies-q2-2025-beats-forecasts-stock-rises-93CH-4069032,Global end market; US was soft
TOOLS_A_ACADGOV,FY2025-Q3,2025-07-31,,pct,Returned to modest growth despite continued US funding pressures; guided mid-single-digit decline for next quarter on difficult compare for US federal FY-end spending,Investing.com Agilent Q3 FY2025 transcript,https://www.investing.com/news/transcripts/earnings-call-transcript-agilent-technologies-q3-2025-revenue-beats-forecast-93CH-4213597,Global end market; number not captured
TOOLS_A_ACADGOV,FY2025-Q4,2025-10-31,-10,pct,Academia & government declined 10% (only underperforming end market); FY2026 guided to low-single-digit A&G decline,Investing.com Agilent Q4 FY2025 slides,https://www.investing.com/news/company-news/agilent-q4-2025-slides-revenue-beats-guidance-for-sixth-straight-quarter-93CH-4376265,Global end market
TOOLS_A_ACADGOV,FY2026-Q1,2026-01-31,-8,pct,Down 8%; softer than expected; customers prioritizing lab operations over new capital equipment,Motley Fool Agilent Q1 FY2026 transcript,https://www.fool.com/earnings/call-transcripts/2026/02/25/agilent-a-q1-2026-earnings-call-transcript/,Global end market
TOOLS_A_ACADGOV,FY2026-Q2,2026-04-30,-5,pct,Declined 5% in line with expectations; still expects low-single-digit decline for FY2026,Motley Fool Agilent Q2 FY2026 transcript,https://www.fool.com/earnings/call-transcripts/2026/05/27/agilent-a-q2-2026-earnings-call-transcript/,Global end market
TOOLS_A_ACADGOV,FY2026-Q3,2026-07-31,-3,pct,Declined 3%; below expectations; China softness and funding shift toward defense; low-single-digit growth excluding China; 'muted but stabilizing research funding environment',Investing.com Agilent Q3 FY2026 transcript,https://www.investing.com/news/transcripts/earnings-call-transcript-agilent-tops-q3-2026-estimates-lifts-outlook-93CH-4878009,Global end market; ex-China +LSD
TOOLS_A_BTB,FY2025-Q2,2025-04-30,,ratio,Book-to-bill >1; orders grew low single digits,Investing.com Agilent Q2 FY2025 transcript,https://www.investing.com/news/transcripts/earnings-call-transcript-agilent-technologies-q2-2025-beats-forecasts-stock-rises-93CH-4069032,Instrument orders; global
TOOLS_A_BTB,FY2026-Q1,2026-01-31,,ratio,Instrument book-to-bill at or above 1 for eight consecutive quarters,Motley Fool Agilent Q1 FY2026 transcript,https://www.fool.com/earnings/call-transcripts/2026/02/25/agilent-a-q1-2026-earnings-call-transcript/,Instrument; global; initial US pharma reshoring orders expected to book late FY2026
TOOLS_A_BTB,FY2026-Q2,2026-04-30,,ratio,Instrument book-to-bill above 1.0 for nine consecutive quarters,Motley Fool Agilent Q2 FY2026 transcript,https://www.fool.com/earnings/call-transcripts/2026/05/27/agilent-a-q2-2026-earnings-call-transcript/,Instrument; global
TOOLS_A_BTB,FY2026-Q3,2026-07-31,,ratio,Book-to-bill above 1; 10th consecutive quarter instrument orders met or exceeded revenue; LC/GC replacement cycle runway,Yahoo Finance Agilent Q3 FY2026 call highlights,https://finance.yahoo.com/markets/stocks/articles/agilent-technologies-q3-earnings-call-230418624.html,Instrument; global
TOOLS_A_GUIDE,FY2026,2026-10-31,5.9,pct,Core growth 5.8%-6.0% (revenue $7.49-7.51bn); raised 2026-08-26 with Q3 (+65bp at midpoint). Initial 4%-6% core (2025-11-24),Yahoo Finance Agilent Q3 FY2026 call highlights,https://finance.yahoo.com/markets/stocks/articles/agilent-technologies-q3-earnings-call-230418624.html,FY ends Oct 31; FY26 A&G still guided to low-single-digit decline (Q2 FY26 call)
TOOLS_A_ORGANIC,FY2025-Q1,2025-01-31,1.2,pct,Revenue $1.68bn; +1.4% reported; +1.2% core,Agilent Q1 FY2025 8-K Ex.99.1,https://www.sec.gov/Archives/edgar/data/1090872/000109087225000003/exhibit991-q125pressrelease.htm,Global core
TOOLS_A_ORGANIC,FY2025-Q2,2025-04-30,5.3,pct,Revenue $1.67bn; +6.0% reported; +5.3% core,Agilent Q2 FY2025 press release,https://www.investor.agilent.com/news-and-events/news/news-details/2025/Agilent-Reports-Second-Quarter-Fiscal-Year-2025-Financial-Results/default.aspx,Global core
TOOLS_A_ORGANIC,FY2025-Q3,2025-07-31,6.1,pct,Revenue $1.74bn; +10.1% reported; +6.1% core,Agilent Q3 FY2025 8-K Ex.99.1,https://www.sec.gov/Archives/edgar/data/1090872/000109087225000034/exhibit991-q325pressrelease.htm,Global core
TOOLS_A_ORGANIC,FY2025-Q4,2025-10-31,7.2,pct,Revenue $1.86bn; +9.4% reported; +7.2% core,Agilent Q4 FY2025 8-K Ex.99.1,https://www.sec.gov/Archives/edgar/data/1090872/000109087225000070/exhibit991-q425pressrelease.htm,Global core
TOOLS_A_ORGANIC,FY2026-Q1,2026-01-31,4.4,pct,Core revenue growth 4.4%,Motley Fool Agilent Q1 FY2026 transcript,https://www.fool.com/earnings/call-transcripts/2026/02/25/agilent-a-q1-2026-earnings-call-transcript/,Global core
TOOLS_A_ORGANIC,FY2026-Q2,2026-04-30,6.3,pct,Revenue $1.83bn; 6.3% core; +3.7% FX; beat high end of guide by 80bp,Motley Fool Agilent Q2 FY2026 transcript,https://www.fool.com/earnings/call-transcripts/2026/05/27/agilent-a-q2-2026-earnings-call-transcript/,Global core
TOOLS_A_ORGANIC,FY2026-Q3,2026-07-31,7.3,pct,Revenue $1.88bn; +8.1% reported; +7.3% core; beat high end of guide by 140bp,Agilent Q3 FY2026 8-K Ex.99.1,https://www.sec.gov/Archives/edgar/data/0001090872/000109087226000062/exhibit991-q326pressrelease.htm,Global core
TOOLS_A_PHARMA,FY2025-Q1,2025-01-31,,pct,Strong pharma revenue growth led by BIOVECTRA,Agilent Q1 FY2025 8-K Ex.99.1,https://www.sec.gov/Archives/edgar/data/1090872/000109087225000003/exhibit991-q125pressrelease.htm,Global; number not captured
TOOLS_A_PHARMA,FY2025-Q2,2025-04-30,6,pct,Pharma +6% at high end of expectations; small molecule +low double digits,Investing.com Agilent Q2 FY2025 transcript,https://www.investing.com/news/transcripts/earnings-call-transcript-agilent-technologies-q2-2025-beats-forecasts-stock-rises-93CH-4069032,Global end market; core
TOOLS_A_PHARMA,FY2025-Q3,2025-07-31,9,pct,Pharma (largest end market) +9%,Investing.com Agilent Q3 FY2025 transcript,https://www.investing.com/news/transcripts/earnings-call-transcript-agilent-technologies-q3-2025-revenue-beats-forecast-93CH-4213597,Global end market
TOOLS_A_PHARMA,FY2025-Q4,2025-10-31,12,pct,Pharma (37% of revenue) +12%,Investing.com Agilent Q4 FY2025 slides,https://www.investing.com/news/company-news/agilent-q4-2025-slides-revenue-beats-guidance-for-sixth-straight-quarter-93CH-4376265,Global end market
TOOLS_A_PHARMA,FY2026-Q1,2026-01-31,7,pct,Pharma +7%; GLP-1 demand +50% across analytical labs and CDMO,Motley Fool Agilent Q1 FY2026 transcript,https://www.fool.com/earnings/call-transcripts/2026/02/25/agilent-a-q1-2026-earnings-call-transcript/,Global end market
TOOLS_A_PHARMA,FY2026-Q2,2026-04-30,6,pct,Pharma +6%; biotech +low double digits,Motley Fool Agilent Q2 FY2026 transcript,https://www.fool.com/earnings/call-transcripts/2026/05/27/agilent-a-q2-2026-earnings-call-transcript/,Global end market
TOOLS_A_PHARMA,FY2026-Q3,2026-07-31,12,pct,Pharma +12%; biotech double digits; small molecule mid-single digits; GLP-1 >70% y/y; advanced therapeutics +30%,Investing.com Agilent Q3 FY2026 transcript,https://www.investing.com/news/transcripts/earnings-call-transcript-agilent-tops-q3-2026-estimates-lifts-outlook-93CH-4878009,Global end market
TOOLS_BRKR_ACADGOV,2025-Q2,2025-06-30,,text,Weak academic demand in Q2 bookings,Bruker Q2 2025 8-K Ex.99.1,https://www.sec.gov/Archives/edgar/data/1109354/000095017025101605/brkr-ex99_1.htm,Qualitative; verify exhibit
TOOLS_BRKR_ACADGOV,2025-Q3,2025-09-30,,text,For the first time in 2025 saw strength in academic/government bookings; biopharma and applied orders improving,Morningstar (Bruker Q3 2025 release),https://www.morningstar.com/news/business-wire/20251103696123/bruker-reports-third-quarter-2025-financial-results,Global bookings
TOOLS_BRKR_ACADGOV,2025-Q4,2025-12-31,,pct,U.S. academic & government bookings down high teens for FY2025; Q4 orders still weak; recovery expected to begin 2H 2026,Yahoo Finance Bruker Q4 2025 call summary,https://finance.yahoo.com/news/bruker-corporation-q4-2025-earnings-173200120.html,US; full-year bookings
TOOLS_BRKR_ACADGOV,2026-Q1,2026-03-31,,text,US academic demand (plus tariffs/FX) pressured Q1; academic orders outside US up double digits y/y,Business Wire (Bruker Q1 2026 release),https://www.businesswire.com/news/home/20260506313470/en/Bruker-Reports-First-Quarter-2026-Financial-Results,US weak / ex-US strong
TOOLS_BRKR_ACADGOV,2026-Q2,2026-06-30,,text,US academic demand remained soft in Q2; academic/government bookings in Europe and China up strongly,Yahoo Finance (Bruker Q2 2026),https://finance.yahoo.com/markets/stocks/articles/bruker-reports-second-quarter-2026-152340365.html,US still soft
TOOLS_BRKR_BOOKINGS,2025-Q2,2025-06-30,,pct,Q2 2025 bookings reflected weak academic demand and softness in U.S. biopharma,Bruker Q2 2025 8-K Ex.99.1,https://www.sec.gov/Archives/edgar/data/1109354/000095017025101605/brkr-ex99_1.htm,Qualitative; which filing the exhibit belongs to was not confirmed - verify
TOOLS_BRKR_BOOKINGS,2025-Q3,2025-09-30,,pct,BSI organic bookings up mid-single digits % y/y; BSI book-to-bill >1.0,Morningstar (Bruker Q3 2025 release),https://www.morningstar.com/news/business-wire/20251103696123/bruker-reports-third-quarter-2025-financial-results,Global; leading indicator
TOOLS_BRKR_BOOKINGS,2025-Q4,2025-12-31,,ratio,BSI book-to-bill >1.0x for two consecutive quarters; demand bottomed,Yahoo Finance Bruker Q4 2025 call summary,https://finance.yahoo.com/news/bruker-corporation-q4-2025-earnings-173200120.html,Global
TOOLS_BRKR_BOOKINGS,2026-Q1,2026-03-31,,pct,BSI bookings up high-single digits % organically y/y; book-to-bill >1.0x for 3rd consecutive quarter,Business Wire (Bruker Q1 2026 release),https://www.businesswire.com/news/home/20260506313470/en/Bruker-Reports-First-Quarter-2026-Financial-Results,Global
TOOLS_BRKR_BOOKINGS,2026-Q2,2026-06-30,10,pct,BSI bookings +10% organically y/y; BSI book-to-bill >1.0x,Bruker Q2 2026 8-K Ex.99.1,https://www.sec.gov/Archives/edgar/data/0001109354/000119312526331511/brkr-ex99_1.htm,Global; accelerating from HSD in Q1
TOOLS_BRKR_BSI_ORGANIC,2025-Q1,2025-03-31,5.1,pct,BSI revenue $744.5M; +14.3% reported; +5.1% organic,BioSpace (Bruker Q1 2025 release),https://www.biospace.com/press-releases/bruker-reports-first-quarter-2025-financial-results,Global
TOOLS_BRKR_BSI_ORGANIC,2025-Q3,2025-09-30,-5.4,pct,BSI revenue $787.9M; -1.5% reported; -5.4% organic,Morningstar (Bruker Q3 2025 release),https://www.morningstar.com/news/business-wire/20251103696123/bruker-reports-third-quarter-2025-financial-results,Global
TOOLS_BRKR_BSI_ORGANIC,2025-Q4,2025-12-31,-5.1,pct,BSI revenue $907.7M; -0.4% reported; -5.1% organic; mix/volume deleverage,Yahoo Finance (Bruker Q4 2025 release),https://finance.yahoo.com/news/bruker-reports-fourth-quarter-full-120000677.html,Global
TOOLS_BRKR_BSI_ORGANIC,2026-Q1,2026-03-31,-5.0,pct,BSI revenue $759.8M; +2.1% reported; -5.0% organic,Business Wire (Bruker Q1 2026 release),https://www.businesswire.com/news/home/20260506313470/en/Bruker-Reports-First-Quarter-2026-Financial-Results,Global
TOOLS_BRKR_BSI_ORGANIC,2026-Q2,2026-06-30,2.3,pct,BSI revenue $767.3M; +4.7% reported; +2.3% organic,Bruker Q2 2026 8-K Ex.99.1,https://www.sec.gov/Archives/edgar/data/0001109354/000119312526331511/brkr-ex99_1.htm,Global
TOOLS_BRKR_GUIDE,FY2026,2026-12-31,1.5,pct,Organic +1% to +2% (revenue $3.54-3.57bn; +3-4% reported); held at 2026-08-04. Prelim 2026-01-12 'flat to low-single-digit'; formal 1-2% Feb 2026,Yahoo Finance (Bruker Q2 2026),https://finance.yahoo.com/markets/stocks/articles/bruker-reports-second-quarter-2026-152340365.html,Total company organic
TOOLS_BRKR_ORGANIC,2025-Q1,2025-03-31,2.9,pct,Revenue $801.4M; +11.0% reported; +2.9% organic,BioSpace (Bruker Q1 2025 release),https://www.biospace.com/press-releases/bruker-reports-first-quarter-2025-financial-results,Total company (extra indicator)
TOOLS_BRKR_ORGANIC,2025-Q2,2025-06-30,-7,pct,Non-GAAP organic revenue declined approximately 7% y/y; revenue $797.4M (-0.4%),Bruker Q2 2025 10-Q,https://www.sec.gov/Archives/edgar/data/1109354/000095017025103333/brkr-20250630.htm,Total company ~-7% (approximate); BSI-only figure not captured; verify
TOOLS_BRKR_ORGANIC,2026-Q2,2026-06-30,2.8,pct,Revenue $838.5M; +5.2% reported; +2.8% organic (+3.4% ex tariff refunds),Bruker Q2 2026 8-K Ex.99.1,https://www.sec.gov/Archives/edgar/data/0001109354/000119312526331511/brkr-ex99_1.htm,Total company; Q1-26 total organic was -4.4%
TOOLS_BRKR_ORGANIC_FY,FY2025,2025-12-31,-3.7,pct,FY2025 revenue +2.1% to $3.44bn; organic -3.7%,Motley Fool Bruker Q4 2025 transcript,https://www.fool.com/earnings/call-transcripts/2026/02/12/bruker-brkr-q4-2025-earnings-call-transcript/,Total company
TOOLS_DHR_BIOPROCESS,2026-Q2,2026-06-30,,pct,Bioprocessing core growth low single digits; a few large commercial customers pushed >$100M of chromatography resin shipments from Q2/Q3 into 2027,BigGo Finance (DHR Q2 2026 call),https://finance.biggo.com/news/US_DHR_2026-07-21,Global core; timing-driven miss
TOOLS_DHR_BIOPROCESS_ORDERS,2026-Q2,2026-06-30,,pct,Bioprocessing orders grew mid-teens; underlying order trends strong,Danaher Q2 2026 press release,https://investors.danaher.com/2026-07-21-Danaher-Reports-Second-Quarter-2026-Results,Leading indicator; global
TOOLS_DHR_CORE,2026-Q2,2026-06-30,3,pct,Total core revenue +3% (+4.5% ex respiratory; +150bp vs Q1); sales +5.5% to $6.3bn,Danaher Q2 2026 press release,https://investors.danaher.com/2026-07-21-Danaher-Reports-Second-Quarter-2026-Results,Global core (extra indicator); period_end is the calendar quarter-end as a stand-in - Danaher fiscal close date not confirmed
TOOLS_DHR_GUIDE,FY2026,2026-12-31,3.5,pct,Non-GAAP core revenue +3.0% to +4.0%; stated 2026-07-21 with Q2 results (adj EPS raised to $8.45-8.60),Danaher Q2 2026 press release,https://investors.danaher.com/2026-07-21-Danaher-Reports-Second-Quarter-2026-Results,Global core guidance
TOOLS_DHR_LS_CORE,2026-Q2,2026-06-30,5.5,pct,Life Sciences core revenue +5.5%; strongest LS quarter in several years,Danaher Q2 2026 press release,https://investors.danaher.com/2026-07-21-Danaher-Reports-Second-Quarter-2026-Results,Global core; period_end is calendar stand-in
TOOLS_RVTY_ACADGOV,2025-Q4,2025-12-31,,pct,Low-single-digit decline in Life Sciences sales to A&G customers; includes modest US government shutdown headwind,Revvity Q4 2025 call transcript,https://s202.q4cdn.com/560601150/files/doc_financials/2025/q4/Transcript-Q4-2025-Revvity-Earnings-Conference-Call.pdf,Life Sciences A&G; global
TOOLS_RVTY_ACADGOV,2026-Q1,2026-03-31,,pct,Academic customers +mid-single digits overall; government +low single digits,Investing.com Revvity Q1 2026 transcript,https://www.investing.com/news/transcripts/earnings-call-transcript-revvity-q1-2026-shows-strong-earnings-beat-93CH-4658996,Global
TOOLS_RVTY_ACADGOV,2026-Q2,2026-07-05,,text,A&G demand improved including positive U.S. growth for the first time since mid-2023,Investing.com Revvity Q2 2026 transcript,https://www.investing.com/news/transcripts/earnings-call-transcript-revvity-beats-q2-2026-estimates-but-shares-fall-premarket-93CH-4834324,US inflection
TOOLS_RVTY_GUIDE,FY2026,2026-12-31,4.5,pct,Organic 4%-5% (adj EPS $5.30-5.40); raised with Q2 2026 results. History: 2%-3% (2026-02-02); 3%-4% (Q1 2026 update),Yahoo Finance Revvity Q2 2026 call highlights,https://finance.yahoo.com/healthcare/articles/revvity-inc-rvty-q2-2026-190323257.html,Pro forma organic basis
TOOLS_RVTY_LIFESCI,2025-Q3,2025-09-28,0,pct,Life Sciences $343M; flat organic; software double digits; Life Science Solutions low-single-digit decline,Revvity Q3 2025 8-K press release,https://www.sec.gov/Archives/edgar/data/31791/000003179125000032/q32025pressrelease.htm,Global
TOOLS_RVTY_LIFESCI,2025-Q4,2025-12-31,0,pct,Life Sciences organic flat; pharma customers +LSD; A&G customers -LSD,Revvity Q4 2025 call transcript,https://s202.q4cdn.com/560601150/files/doc_financials/2025/q4/Transcript-Q4-2025-Revvity-Earnings-Conference-Call.pdf,Global
TOOLS_RVTY_LIFESCI,2026-Q2,2026-07-05,-3,pct,Life Sciences $359M; pro forma -2%; pro forma organic -3%,Revvity Q2 2026 8-K press release,https://www.sec.gov/Archives/edgar/data/0000031791/000003179126000022/q22026pressrelease.htm,Pro forma; global
TOOLS_RVTY_ORGANIC,2025-Q3,2025-09-28,1,pct,Revenue $699M; +2% reported; +1% organic,Revvity Q3 2025 8-K press release,https://www.sec.gov/Archives/edgar/data/31791/000003179125000032/q32025pressrelease.htm,Global
TOOLS_RVTY_ORGANIC,2025-Q4,2025-12-31,4,pct,Revenue $772M; +6% reported; +4% organic,Revvity Q4 2025 8-K press release,https://www.sec.gov/Archives/edgar/data/31791/000003179126000007/q42025pressrelease.htm,Global; period_end is nominal
TOOLS_RVTY_ORGANIC,2026-Q1,2026-03-31,6,pct,About 6% pro forma organic growth; revenue $711M,Investing.com Revvity Q1 2026 transcript,https://www.investing.com/news/transcripts/earnings-call-transcript-revvity-q1-2026-shows-strong-earnings-beat-93CH-4658996,Pro forma basis; period_end nominal (fiscal Q1 close not confirmed)
TOOLS_RVTY_ORGANIC,2026-Q2,2026-07-05,3,pct,Pro forma revenue $711M; +4% pro forma; +3% pro forma organic (above guide),Revvity Q2 2026 8-K press release,https://www.sec.gov/Archives/edgar/data/0000031791/000003179126000022/q22026pressrelease.htm,Pro forma; Diagnostics +11% organic
TOOLS_RVTY_PHARMA,2026-Q1,2026-03-31,,pct,Pharma/biotech customers low-double-digit organic growth; strongest since early 2023,Investing.com Revvity Q1 2026 transcript,https://www.investing.com/news/transcripts/earnings-call-transcript-revvity-q1-2026-shows-strong-earnings-beat-93CH-4658996,Extra indicator; summary also says Life Science Solutions +LSD from pharma/biotech - verify which base
TOOLS_RVTY_PHARMA,2026-Q2,2026-07-05,,text,Third consecutive quarter of improving conditions across pharma and biotech end markets,Yahoo Finance Revvity Q2 2026 call highlights,https://finance.yahoo.com/healthcare/articles/revvity-inc-rvty-q2-2026-190323257.html,Extra indicator
TOOLS_SECTOR_COMMENTARY,2025-Q1,2025-03-31,,text,US A&G weakening while pharma holds: TMO A&G declined on US and China macro; Agilent A&G -7% (Nov-Jan); Waters A&G still +3%. TMO pharma grew slightly; Waters pharma +8%; Bruker BSI organic +5.1%,Thermo Fisher Q1 2025 8-K Ex.99.1,https://www.sec.gov/Archives/edgar/data/97745/000009774525000034/q12025earnings8kex99_1.htm,Also: Agilent Yahoo FY25-Q1; Waters Q1 2025 IR
TOOLS_SECTOR_COMMENTARY,2025-Q2,2025-06-30,,text,Trough in US academic: TMO A&G -MSD on customer hesitancy and muted instrument demand; Waters A&G -3%; Agilent A&G -2% (US soft); Bruker bookings hit by weak academic demand and US biopharma softness. Pharma: TMO +MSD; Waters +11%; Agilent +6%,Equibles (TMO Q2 2025 call transcript),https://equibles.com/stocks/tmo/calls/2025-q2,Also: Waters Q2 2025 IR; Agilent Investing Q2 FY25
TOOLS_SECTOR_COMMENTARY,2025-Q3,2025-09-30,,text,Stabilization: TMO A&G -LSD (modest improvement; US same as Q2); Waters A&G +1%; Agilent A&G back to modest growth; Bruker first A&G bookings strength of 2025 plus improving biopharma orders; BSI book-to-bill >1. Pharma: TMO +MSD; Waters +11%; Agilent +9%,Morningstar (Bruker Q3 2025 release),https://www.morningstar.com/news/business-wire/20251103696123/bruker-reports-third-quarter-2025-financial-results,Also: TMO Investing Q3 2025
TOOLS_SECTOR_COMMENTARY,2025-Q4,2025-12-31,,text,US A&G still negative; pharma accelerating: TMO A&G -LSD and cautious on US A&G until NIH budget finalized; Waters A&G -3%; Agilent A&G -10% (Aug-Oct); Revvity A&G -LSD incl shutdown; Bruker US A&G bookings down high teens for FY25. Pharma: TMO +HSD; Agilent +12%; Waters +7%,Investing.com TMO Q4 2025 transcript,https://www.investing.com/news/transcripts/earnings-call-transcript-thermo-fisher-q4-2025-earnings-beat-forecasts-93CH-4480924,Also: Bruker Yahoo Q4 summary; Revvity Q4 transcript
TOOLS_SECTOR_COMMENTARY,2026-Q1,2026-03-31,,text,US academic lagging; ex-US and pharma improving: TMO A&G -LSD; Agilent A&G -8% (Nov-Jan) as labs favor operations over capex; Bruker US academic weak but ex-US academic orders +DD; Waters A&G +18% (Europe-led); Revvity academic +MSD. Pharma/biotech: Waters +14%; Agilent +7%; Revvity +LDD; TMO +MSD,Business Wire (Bruker Q1 2026 release),https://www.businesswire.com/news/home/20260506313470/en/Bruker-Reports-First-Quarter-2026-Financial-Results,Also: Waters Motley Fool Q1 2026; Revvity Investing Q1 2026
TOOLS_SECTOR_COMMENTARY,2026-Q2,2026-06-30,,text,A&G turning up but US uneven: TMO A&G +LSD (first positive); Revvity US A&G positive first time since mid-2023; Waters A&G +LDD; but Bruker US academic still soft and Agilent A&G -3% (May-Jul; defense funding shift). Orders strong: Bruker BSI bookings +10%; DHR bioprocess orders +mid-teens; Agilent book-to-bill >1 for 10th qtr. Pharma: Agilent +12%; Waters +LDD; TMO +MSD; guides raised at TMO/A/WAT/RVTY,Thermo Fisher Q2 2026 8-K Ex.99.1,https://www.sec.gov/Archives/edgar/data/0000097745/000009774526000138/q22026earnings8kex99_1.htm,Also: Bruker Q2 2026 8-K; Revvity Investing Q2 2026; Agilent Investing Q3 FY26
TOOLS_TMO_ACADGOV,2025-Q1,2025-03-29,,pct,A&G revenues declined; driven by macro conditions in the U.S. and China,Thermo Fisher Q1 2025 8-K Ex.99.1,https://www.sec.gov/Archives/edgar/data/97745/000009774525000034/q12025earnings8kex99_1.htm,Global end market; magnitude not captured
TOOLS_TMO_ACADGOV,2025-Q2,2025-06-28,,pct,Declined mid-single digits; customer hesitancy in uncertain environment -> muted demand for equipment and instruments,Equibles (TMO Q2 2025 call transcript),https://equibles.com/stocks/tmo/calls/2025-q2,Global end market; organic
TOOLS_TMO_ACADGOV,2025-Q3,2025-09-27,,pct,Declined low single digits; modest improvement vs Q2; U.S. conditions similar to Q2,Investing.com TMO Q3 2025 transcript,https://www.investing.com/news/transcripts/earnings-call-transcript-thermo-fisher-beats-q3-2025-forecasts-93CH-4302142,Global end market; organic
TOOLS_TMO_ACADGOV,2025-Q4,2025-12-31,,pct,Declined low single digits in Q4 and for FY2025; expects cautious US A&G spending in 2026 until a finalized NIH budget is passed,Investing.com TMO Q4 2025 transcript,https://www.investing.com/news/transcripts/earnings-call-transcript-thermo-fisher-q4-2025-earnings-beat-forecasts-93CH-4480924,Global end market; forward US comment
TOOLS_TMO_ACADGOV,2026-Q1,2026-03-28,,pct,Declined low single digits; muted macro conditions in the U.S. and China,Motley Fool TMO Q1 2026 transcript,https://www.fool.com/earnings/call-transcripts/2026/04/23/thermo-fisher-tmo-q1-2026-earnings-transcript/,Global end market; organic
TOOLS_TMO_ACADGOV,2026-Q2,2026-06-27,,pct,Grew low single digits; driven by chromatography and mass spectrometry / demand for high-end instruments,Thermo Fisher Q2 2026 8-K Ex.99.1,https://www.sec.gov/Archives/edgar/data/0000097745/000009774526000138/q22026earnings8kex99_1.htm,Global end market; first positive A&G print in the series; LSD from call (Yahoo highlights)
TOOLS_TMO_GUIDE,FY2026,2026-12-31,4,pct,~4% organic (upper end of 3-4% range); raised with Q2 results 2026-07-23. History: 3-4% initial (2026-01-29); ~3.5% midpoint after Q1 (Apr 2026),Yahoo Finance,https://finance.yahoo.com/markets/stocks/articles/thermo-fisher-raises-2026-outlook-153700819.html,Global organic guidance
TOOLS_TMO_ORGANIC,2025-Q1,2025-03-29,1,pct,Organic revenue growth 1%; revenue $10.36bn,Thermo Fisher Q1 2025 8-K Ex.99.1,https://www.sec.gov/Archives/edgar/data/97745/000009774525000034/q12025earnings8kex99_1.htm,Global; organic
TOOLS_TMO_ORGANIC,2025-Q2,2025-06-28,2,pct,Revenue +3% to $10.85bn; organic +2%,Thermo Fisher Q2 2025 press release,https://ir.thermofisher.com/investors/news-events/news/news-details/2025/Thermo-Fisher-Scientific-Reports-Second-Quarter-2025-Results/default.aspx,Global; organic
TOOLS_TMO_ORGANIC,2025-Q3,2025-09-27,3,pct,Revenue +5% to $11.12bn; organic +3%,Thermo Fisher Q3 2025 8-K Ex.99.1,https://www.sec.gov/Archives/edgar/data/97745/000009774525000150/q32025earnings8kex99_1.htm,Global; organic
TOOLS_TMO_ORGANIC,2025-Q4,2025-12-31,3,pct,Revenue +7% to $12.21bn; organic +3% (acquisitions +2%; FX +2%),Thermo Fisher Q4 2025 8-K Ex.99.1,https://www.sec.gov/Archives/edgar/data/97745/000009774526000012/q42025earnings8kex99_1.htm,Global; organic
TOOLS_TMO_ORGANIC,2026-Q1,2026-03-28,1,pct,Organic revenue +1% y/y (reported revenue +6%),GenomeWeb,https://www.genomeweb.com/business-news/thermo-fisher-scientific-raises-2026-guidance-q1-revenue-climbs-6-percent,Global; taken from GenomeWeb summary - verify against Q1 2026 8-K
TOOLS_TMO_ORGANIC,2026-Q2,2026-06-27,5,pct,Revenue +10% to $11.99bn; organic +5%,Thermo Fisher Q2 2026 8-K Ex.99.1,https://www.sec.gov/Archives/edgar/data/0000097745/000009774526000138/q22026earnings8kex99_1.htm,Global; organic
TOOLS_TMO_ORGANIC_FY,FY2025,2025-12-31,2,pct,FY2025 revenue +4% to $44.56bn; organic +2%,Thermo Fisher Q4 2025 8-K Ex.99.1,https://www.sec.gov/Archives/edgar/data/97745/000009774526000012/q42025earnings8kex99_1.htm,Global; full year
TOOLS_TMO_PHARMA,2025-Q1,2025-03-29,,pct,Pharma & biotech revenues grew slightly; partly offset by lower COVID vaccine/therapy demand,Thermo Fisher Q1 2025 8-K Ex.99.1,https://www.sec.gov/Archives/edgar/data/97745/000009774525000034/q12025earnings8kex99_1.htm,Global end market
TOOLS_TMO_PHARMA,2025-Q2,2025-06-28,,pct,Mid-single-digit growth,Equibles (TMO Q2 2025 call transcript),https://equibles.com/stocks/tmo/calls/2025-q2,Global end market; organic
TOOLS_TMO_PHARMA,2025-Q3,2025-09-27,,pct,Mid-single-digit growth; led by bioproduction and analytical instruments and research & safety channel,Investing.com TMO Q3 2025 transcript,https://www.investing.com/news/transcripts/earnings-call-transcript-thermo-fisher-beats-q3-2025-forecasts-93CH-4302142,Global end market
TOOLS_TMO_PHARMA,2025-Q4,2025-12-31,,pct,High single-digit growth in Q4; mid-single-digit for FY2025; customer sentiment 'quite positive',Investing.com TMO Q4 2025 transcript,https://www.investing.com/news/transcripts/earnings-call-transcript-thermo-fisher-q4-2025-earnings-beat-forecasts-93CH-4480924,Global end market
TOOLS_TMO_PHARMA,2026-Q1,2026-03-28,,pct,Mid-single-digit growth; bioproduction; clinical research; research & safety market channel,Motley Fool TMO Q1 2026 transcript,https://www.fool.com/earnings/call-transcripts/2026/04/23/thermo-fisher-tmo-q1-2026-earnings-transcript/,Global end market
TOOLS_TMO_PHARMA,2026-Q2,2026-06-27,,pct,Mid-single-digit growth,Yahoo Finance TMO Q2 2026 call highlights,https://finance.yahoo.com/markets/stocks/articles/thermo-fisher-scientific-q2-earnings-020526199.html,Global end market
TOOLS_WAT_ACADGOV,2025-Q1,2025-03-31,3,pct,Academic & government +3% cc,Waters Q1 2025 press release,https://ir.waters.com/News--Events/newsroom/news-details/2025/Waters-Corporation-NYSE-WAT-Reports-First-Quarter-2025-Financial-Results/default.aspx,Global cc
TOOLS_WAT_ACADGOV,2025-Q2,2025-06-30,-3,pct,A&G declined 3% cc; better than expected,Waters Q2 2025 press release,https://ir.waters.com/News--Events/newsroom/news-details/2025/Waters-Corporation-NYSE-WAT-Reports-Second-Quarter-2025-Financial-Results/default.aspx,Global cc
TOOLS_WAT_ACADGOV,2025-Q3,2025-09-30,1,pct,A&G +1% cc,Waters Q3 2025 press release,https://ir.waters.com/News--Events/newsroom/news-details/2025/Waters-Corporation-NYSE-WAT-Reports-Third-Quarter-2025-Financial-Results/default.aspx,Global cc
TOOLS_WAT_ACADGOV,2025-Q4,2025-12-31,-3,pct,A&G declined 3%,Motley Fool Waters Q4 2025 transcript,https://www.fool.com/earnings/call-transcripts/2026/02/12/waters-wat-q4-2025-earnings-call-transcript/,Global cc
TOOLS_WAT_ACADGOV,2026-Q1,2026-03-31,18,pct,A&G grew high teens (18%); strength in Europe and high-resolution MS portfolio,Motley Fool Waters Q1 2026 transcript,https://www.fool.com/earnings/call-transcripts/2026/05/05/waters-wat-q1-2026-earnings-transcript/,Global cc; Europe-led not US
TOOLS_WAT_ACADGOV,2026-Q2,2026-06-30,,pct,Low-double-digit growth in A&G (ASD; cc); previously lagging customer segments returning to growth,Waters Q2 2026 8-K Ex.99.1,https://www.sec.gov/Archives/edgar/data/0001000697/000119312526331413/d163377dex991.htm,ASD; global cc
TOOLS_WAT_GUIDE,FY2026,2026-12-31,8,pct,Organic cc growth 7%-9%; raised 2026-08-04. History: 5.5%-7% standalone (2026-02-09); 6.5%-8.0% (2026-05-05),Waters Q2 2026 8-K Ex.99.1,https://www.sec.gov/Archives/edgar/data/0001000697/000119312526331413/d163377dex991.htm,Excludes acquired BD businesses (guided at $3.045bn reported)
TOOLS_WAT_INSTR,2025-Q1,2025-03-31,11,pct,Instruments +11% cc; Pharma and Industrial momentum,Waters Q1 2025 press release,https://ir.waters.com/News--Events/newsroom/news-details/2025/Waters-Corporation-NYSE-WAT-Reports-First-Quarter-2025-Financial-Results/default.aspx,Global cc
TOOLS_WAT_INSTR,2025-Q2,2025-06-30,,pct,Mid-single-digit instrument growth cc; LC & MS high single digits,Waters Q2 2025 press release,https://ir.waters.com/News--Events/newsroom/news-details/2025/Waters-Corporation-NYSE-WAT-Reports-Second-Quarter-2025-Financial-Results/default.aspx,Global cc
TOOLS_WAT_INSTR,2025-Q3,2025-09-30,6,pct,Instruments +6% cc; LC & MS high single digits; TA returned to growth,Waters Q3 2025 press release,https://ir.waters.com/News--Events/newsroom/news-details/2025/Waters-Corporation-NYSE-WAT-Reports-Third-Quarter-2025-Financial-Results/default.aspx,Global cc
TOOLS_WAT_INSTR,2025-Q4,2025-12-31,3,pct,Instruments +3% cc; LC-MS high single digits offset by TA and Empower move to subscription,Waters Q4 2025 press release,https://ir.waters.com/News--Events/newsroom/news-details/2026/Waters-Corporation-NYSE-WAT-Reports-Fourth-Quarter-and-Full-Year-2025-Financial-Results/default.aspx,Global cc
TOOLS_WAT_INSTR,2026-Q1,2026-03-31,,pct,High-single-digit instrument growth within Analytical Sciences Division,Waters Q1 2026 press release,https://ir.waters.com/News--Events/newsroom/news-details/2026/Waters-Corporation-NYSE-WAT-Reports-First-Quarter-2026-Financial-Results/default.aspx,ASD only (legacy Waters); cc
TOOLS_WAT_INSTR,2026-Q2,2026-06-30,8,pct,ASD instrument growth 8%; chemistry consumables double digits,Waters Q2 2026 8-K Ex.99.1,https://www.sec.gov/Archives/edgar/data/0001000697/000119312526331413/d163377dex991.htm,ASD only; cc
TOOLS_WAT_ORGANIC,2025-Q1,2025-03-31,7,pct,Sales $662M; +4% reported; +7% constant currency,Waters Q1 2025 press release,https://ir.waters.com/News--Events/newsroom/news-details/2025/Waters-Corporation-NYSE-WAT-Reports-First-Quarter-2025-Financial-Results/default.aspx,Global cc; period_end is calendar quarter-end
TOOLS_WAT_ORGANIC,2025-Q2,2025-06-30,8,pct,Sales $771M; +9% reported; +8% cc,Waters Q2 2025 press release,https://ir.waters.com/News--Events/newsroom/news-details/2025/Waters-Corporation-NYSE-WAT-Reports-Second-Quarter-2025-Financial-Results/default.aspx,Global cc
TOOLS_WAT_ORGANIC,2025-Q3,2025-09-30,8,pct,Sales $800M; +8% reported; +8% cc; recurring +9% cc,Waters Q3 2025 press release,https://ir.waters.com/News--Events/newsroom/news-details/2025/Waters-Corporation-NYSE-WAT-Reports-Third-Quarter-2025-Financial-Results/default.aspx,Global cc
TOOLS_WAT_ORGANIC,2025-Q4,2025-12-31,6,pct,Sales $932M; +7% reported; +6% cc,Waters Q4 2025 press release,https://ir.waters.com/News--Events/newsroom/news-details/2026/Waters-Corporation-NYSE-WAT-Reports-Fourth-Quarter-and-Full-Year-2025-Financial-Results/default.aspx,Global cc
TOOLS_WAT_ORGANIC,2026-Q1,2026-03-31,11,pct,Organic revenue $747M vs $662M; +13% reported; +11% cc; beat top of guide by 200bp,Waters Q1 2026 press release,https://ir.waters.com/News--Events/newsroom/news-details/2026/Waters-Corporation-NYSE-WAT-Reports-First-Quarter-2026-Financial-Results/default.aspx,Organic excludes acquired BD Biosciences & Diagnostic Solutions ($520M owned-period; deal closed 2026-02-09)
TOOLS_WAT_ORGANIC,2026-Q2,2026-06-30,9,pct,Organic revenue $828M; +9% cc; plus $817M acquired BD businesses; total $1.645bn,Waters Q2 2026 8-K Ex.99.1,https://www.sec.gov/Archives/edgar/data/0001000697/000119312526331413/d163377dex991.htm,Organic cc excludes acquired businesses
TOOLS_WAT_PHARMA,2025-Q1,2025-03-31,8,pct,Pharma +8% cc,Waters Q1 2025 press release,https://ir.waters.com/News--Events/newsroom/news-details/2025/Waters-Corporation-NYSE-WAT-Reports-First-Quarter-2025-Financial-Results/default.aspx,Global cc
TOOLS_WAT_PHARMA,2025-Q2,2025-06-30,11,pct,Pharma +11% cc,Waters Q2 2025 press release,https://ir.waters.com/News--Events/newsroom/news-details/2025/Waters-Corporation-NYSE-WAT-Reports-Second-Quarter-2025-Financial-Results/default.aspx,Global cc
TOOLS_WAT_PHARMA,2025-Q3,2025-09-30,11,pct,Pharma +11% cc; all major regions high single digits+; Americas and Asia low double digits,Waters Q3 2025 press release,https://ir.waters.com/News--Events/newsroom/news-details/2025/Waters-Corporation-NYSE-WAT-Reports-Third-Quarter-2025-Financial-Results/default.aspx,Global cc; Americas LDD
TOOLS_WAT_PHARMA,2025-Q4,2025-12-31,7,pct,Pharma +7% cc (high single digit),Motley Fool Waters Q4 2025 transcript,https://www.fool.com/earnings/call-transcripts/2026/02/12/waters-wat-q4-2025-earnings-call-transcript/,Global cc
TOOLS_WAT_PHARMA,2026-Q1,2026-03-31,14,pct,Pharma grew mid-teens (14%),Motley Fool Waters Q1 2026 transcript,https://www.fool.com/earnings/call-transcripts/2026/05/05/waters-wat-q1-2026-earnings-transcript/,Global cc
TOOLS_WAT_PHARMA,2026-Q2,2026-06-30,,pct,Low-double-digit growth in Pharma (ASD; cc),Waters Q2 2026 8-K Ex.99.1,https://www.sec.gov/Archives/edgar/data/0001000697/000119312526331413/d163377dex991.htm,ASD; global cc
